Year,Neuro-oncology proportion,Neuro-oncology share (%)
2000,0.08756918326791374,8.756918326791375
2001,0.08449893696948384,8.449893696948383
2002,0.08024115855553483,8.024115855553484
2003,0.08185686989751607,8.185686989751607
2004,0.07876569459957744,7.876569459957744
2005,0.07879732353777844,7.879732353777843
2006,0.07721139430284858,7.721139430284858
2007,0.07503371747497231,7.503371747497231
2008,0.07811788095928426,7.811788095928426
2009,0.08062972863667302,8.062972863667301
2010,0.08289611752360965,8.289611752360965
2011,0.08415488775389002,8.415488775389
2012,0.08522317715553092,8.522317715553092
2013,0.08356181593786259,8.356181593786259
2014,0.08582317182576991,8.582317182576991
2015,0.08796331944979174,8.796331944979174
2016,0.08754259542403445,8.754259542403444
2017,0.08879209247780198,8.879209247780198
2018,0.0914132846143808,9.141328461438079
2019,0.0919250943795866,9.192509437958659
2020,0.09146265689076674,9.146265689076674
2021,0.09306502809591215,9.306502809591215
2022,0.09139895810722813,9.139895810722813
2023,0.09172500448752469,9.17250044875247
2024,0.092499833403674,9.2499833403674
2025,0.09293144838623633,9.293144838623633
