Category,Year,Publications,Cumulative publications
Antibody/ADC therapy,2000,0,0
Antibody/ADC therapy,2001,0,0
Antibody/ADC therapy,2002,0,0
Antibody/ADC therapy,2003,0,0
Antibody/ADC therapy,2004,0,0
Antibody/ADC therapy,2005,0,0
Antibody/ADC therapy,2006,0,0
Antibody/ADC therapy,2007,1,1
Antibody/ADC therapy,2008,0,1
Antibody/ADC therapy,2009,0,1
Antibody/ADC therapy,2010,1,2
Antibody/ADC therapy,2011,3,5
Antibody/ADC therapy,2012,4,9
Antibody/ADC therapy,2013,2,11
Antibody/ADC therapy,2014,6,17
Antibody/ADC therapy,2015,4,21
Antibody/ADC therapy,2016,3,24
Antibody/ADC therapy,2017,2,26
Antibody/ADC therapy,2018,8,34
Antibody/ADC therapy,2019,1,35
Antibody/ADC therapy,2020,4,39
Antibody/ADC therapy,2021,4,43
Antibody/ADC therapy,2022,0,43
Antibody/ADC therapy,2023,3,46
Antibody/ADC therapy,2024,1,47
Antibody/ADC therapy,2025,0,47
Chemotherapy,2000,4,4
Chemotherapy,2001,4,8
Chemotherapy,2002,4,12
Chemotherapy,2003,7,19
Chemotherapy,2004,4,23
Chemotherapy,2005,2,25
Chemotherapy,2006,9,34
Chemotherapy,2007,4,38
Chemotherapy,2008,5,43
Chemotherapy,2009,5,48
Chemotherapy,2010,11,59
Chemotherapy,2011,14,73
Chemotherapy,2012,18,91
Chemotherapy,2013,17,108
Chemotherapy,2014,14,122
Chemotherapy,2015,12,134
Chemotherapy,2016,13,147
Chemotherapy,2017,13,160
Chemotherapy,2018,21,181
Chemotherapy,2019,11,192
Chemotherapy,2020,6,198
Chemotherapy,2021,11,209
Chemotherapy,2022,4,213
Chemotherapy,2023,14,227
Chemotherapy,2024,7,234
Chemotherapy,2025,7,241
Immunotherapy,2000,0,0
Immunotherapy,2001,0,0
Immunotherapy,2002,1,1
Immunotherapy,2003,0,1
Immunotherapy,2004,0,1
Immunotherapy,2005,0,1
Immunotherapy,2006,0,1
Immunotherapy,2007,0,1
Immunotherapy,2008,0,1
Immunotherapy,2009,0,1
Immunotherapy,2010,1,2
Immunotherapy,2011,0,2
Immunotherapy,2012,0,2
Immunotherapy,2013,0,2
Immunotherapy,2014,0,2
Immunotherapy,2015,2,4
Immunotherapy,2016,0,4
Immunotherapy,2017,2,6
Immunotherapy,2018,2,8
Immunotherapy,2019,1,9
Immunotherapy,2020,2,11
Immunotherapy,2021,0,11
Immunotherapy,2022,1,12
Immunotherapy,2023,5,17
Immunotherapy,2024,0,17
Immunotherapy,2025,2,19
Targeted/small-molecule therapy,2000,0,0
Targeted/small-molecule therapy,2001,0,0
Targeted/small-molecule therapy,2002,0,0
Targeted/small-molecule therapy,2003,0,0
Targeted/small-molecule therapy,2004,0,0
Targeted/small-molecule therapy,2005,0,0
Targeted/small-molecule therapy,2006,0,0
Targeted/small-molecule therapy,2007,0,0
Targeted/small-molecule therapy,2008,1,1
Targeted/small-molecule therapy,2009,1,2
Targeted/small-molecule therapy,2010,2,4
Targeted/small-molecule therapy,2011,2,6
Targeted/small-molecule therapy,2012,2,8
Targeted/small-molecule therapy,2013,3,11
Targeted/small-molecule therapy,2014,3,14
Targeted/small-molecule therapy,2015,1,15
Targeted/small-molecule therapy,2016,4,19
Targeted/small-molecule therapy,2017,3,22
Targeted/small-molecule therapy,2018,5,27
Targeted/small-molecule therapy,2019,2,29
Targeted/small-molecule therapy,2020,0,29
Targeted/small-molecule therapy,2021,0,29
Targeted/small-molecule therapy,2022,0,29
Targeted/small-molecule therapy,2023,4,33
Targeted/small-molecule therapy,2024,2,35
Targeted/small-molecule therapy,2025,1,36
