Context,Family,Target,Year,Publications,Cumulative publications
Overall neuro-oncology,Cell-cycle regulators,CDK4,2000,1,1
Overall neuro-oncology,Cell-cycle regulators,CDK4,2001,1,2
Overall neuro-oncology,Cell-cycle regulators,CDK4,2002,1,3
Overall neuro-oncology,Cell-cycle regulators,CDK4,2003,2,5
Overall neuro-oncology,Cell-cycle regulators,CDK4,2004,1,6
Overall neuro-oncology,Cell-cycle regulators,CDK4,2005,2,8
Overall neuro-oncology,Cell-cycle regulators,CDK4,2006,1,9
Overall neuro-oncology,Cell-cycle regulators,CDK4,2007,1,10
Overall neuro-oncology,Cell-cycle regulators,CDK4,2008,0,10
Overall neuro-oncology,Cell-cycle regulators,CDK4,2009,0,10
Overall neuro-oncology,Cell-cycle regulators,CDK4,2010,0,10
Overall neuro-oncology,Cell-cycle regulators,CDK4,2011,0,10
Overall neuro-oncology,Cell-cycle regulators,CDK4,2012,0,10
Overall neuro-oncology,Cell-cycle regulators,CDK4,2013,0,10
Overall neuro-oncology,Cell-cycle regulators,CDK4,2014,0,10
Overall neuro-oncology,Cell-cycle regulators,CDK4,2015,1,11
Overall neuro-oncology,Cell-cycle regulators,CDK4,2016,3,14
Overall neuro-oncology,Cell-cycle regulators,CDK4,2017,2,16
Overall neuro-oncology,Cell-cycle regulators,CDK4,2018,5,21
Overall neuro-oncology,Cell-cycle regulators,CDK4,2019,3,24
Overall neuro-oncology,Cell-cycle regulators,CDK4,2020,0,24
Overall neuro-oncology,Cell-cycle regulators,CDK4,2021,8,32
Overall neuro-oncology,Cell-cycle regulators,CDK4,2022,4,36
Overall neuro-oncology,Cell-cycle regulators,CDK4,2023,6,42
Overall neuro-oncology,Cell-cycle regulators,CDK4,2024,3,45
Overall neuro-oncology,Cell-cycle regulators,CDK4,2025,10,55
Overall neuro-oncology,Cell-cycle regulators,CDK6,2000,0,0
Overall neuro-oncology,Cell-cycle regulators,CDK6,2001,1,1
Overall neuro-oncology,Cell-cycle regulators,CDK6,2002,0,1
Overall neuro-oncology,Cell-cycle regulators,CDK6,2003,0,1
Overall neuro-oncology,Cell-cycle regulators,CDK6,2004,0,1
Overall neuro-oncology,Cell-cycle regulators,CDK6,2005,0,1
Overall neuro-oncology,Cell-cycle regulators,CDK6,2006,0,1
Overall neuro-oncology,Cell-cycle regulators,CDK6,2007,0,1
Overall neuro-oncology,Cell-cycle regulators,CDK6,2008,0,1
Overall neuro-oncology,Cell-cycle regulators,CDK6,2009,0,1
Overall neuro-oncology,Cell-cycle regulators,CDK6,2010,0,1
Overall neuro-oncology,Cell-cycle regulators,CDK6,2011,0,1
Overall neuro-oncology,Cell-cycle regulators,CDK6,2012,0,1
Overall neuro-oncology,Cell-cycle regulators,CDK6,2013,0,1
Overall neuro-oncology,Cell-cycle regulators,CDK6,2014,0,1
Overall neuro-oncology,Cell-cycle regulators,CDK6,2015,0,1
Overall neuro-oncology,Cell-cycle regulators,CDK6,2016,0,1
Overall neuro-oncology,Cell-cycle regulators,CDK6,2017,1,2
Overall neuro-oncology,Cell-cycle regulators,CDK6,2018,2,4
Overall neuro-oncology,Cell-cycle regulators,CDK6,2019,0,4
Overall neuro-oncology,Cell-cycle regulators,CDK6,2020,0,4
Overall neuro-oncology,Cell-cycle regulators,CDK6,2021,0,4
Overall neuro-oncology,Cell-cycle regulators,CDK6,2022,2,6
Overall neuro-oncology,Cell-cycle regulators,CDK6,2023,3,9
Overall neuro-oncology,Cell-cycle regulators,CDK6,2024,1,10
Overall neuro-oncology,Cell-cycle regulators,CDK6,2025,0,10
Overall neuro-oncology,DNA repair,PARP1,2000,0,0
Overall neuro-oncology,DNA repair,PARP1,2001,0,0
Overall neuro-oncology,DNA repair,PARP1,2002,0,0
Overall neuro-oncology,DNA repair,PARP1,2003,0,0
Overall neuro-oncology,DNA repair,PARP1,2004,0,0
Overall neuro-oncology,DNA repair,PARP1,2005,0,0
Overall neuro-oncology,DNA repair,PARP1,2006,0,0
Overall neuro-oncology,DNA repair,PARP1,2007,0,0
Overall neuro-oncology,DNA repair,PARP1,2008,0,0
Overall neuro-oncology,DNA repair,PARP1,2009,0,0
Overall neuro-oncology,DNA repair,PARP1,2010,2,2
Overall neuro-oncology,DNA repair,PARP1,2011,0,2
Overall neuro-oncology,DNA repair,PARP1,2012,3,5
Overall neuro-oncology,DNA repair,PARP1,2013,0,5
Overall neuro-oncology,DNA repair,PARP1,2014,3,8
Overall neuro-oncology,DNA repair,PARP1,2015,0,8
Overall neuro-oncology,DNA repair,PARP1,2016,2,10
Overall neuro-oncology,DNA repair,PARP1,2017,1,11
Overall neuro-oncology,DNA repair,PARP1,2018,0,11
Overall neuro-oncology,DNA repair,PARP1,2019,1,12
Overall neuro-oncology,DNA repair,PARP1,2020,2,14
Overall neuro-oncology,DNA repair,PARP1,2021,0,14
Overall neuro-oncology,DNA repair,PARP1,2022,1,15
Overall neuro-oncology,DNA repair,PARP1,2023,2,17
Overall neuro-oncology,DNA repair,PARP1,2024,3,20
Overall neuro-oncology,DNA repair,PARP1,2025,2,22
Overall neuro-oncology,DNA repair,PARP2,2000,0,0
Overall neuro-oncology,DNA repair,PARP2,2001,0,0
Overall neuro-oncology,DNA repair,PARP2,2002,0,0
Overall neuro-oncology,DNA repair,PARP2,2003,0,0
Overall neuro-oncology,DNA repair,PARP2,2004,0,0
Overall neuro-oncology,DNA repair,PARP2,2005,0,0
Overall neuro-oncology,DNA repair,PARP2,2006,0,0
Overall neuro-oncology,DNA repair,PARP2,2007,0,0
Overall neuro-oncology,DNA repair,PARP2,2008,0,0
Overall neuro-oncology,DNA repair,PARP2,2009,0,0
Overall neuro-oncology,DNA repair,PARP2,2010,0,0
Overall neuro-oncology,DNA repair,PARP2,2011,0,0
Overall neuro-oncology,DNA repair,PARP2,2012,1,1
Overall neuro-oncology,DNA repair,PARP2,2013,0,1
Overall neuro-oncology,DNA repair,PARP2,2014,1,2
Overall neuro-oncology,DNA repair,PARP2,2015,0,2
Overall neuro-oncology,DNA repair,PARP2,2016,0,2
Overall neuro-oncology,DNA repair,PARP2,2017,0,2
Overall neuro-oncology,DNA repair,PARP2,2018,0,2
Overall neuro-oncology,DNA repair,PARP2,2019,0,2
Overall neuro-oncology,DNA repair,PARP2,2020,0,2
Overall neuro-oncology,DNA repair,PARP2,2021,0,2
Overall neuro-oncology,DNA repair,PARP2,2022,0,2
Overall neuro-oncology,DNA repair,PARP2,2023,0,2
Overall neuro-oncology,DNA repair,PARP2,2024,0,2
Overall neuro-oncology,DNA repair,PARP2,2025,1,3
Overall neuro-oncology,DNA repair,PARP3,2000,0,0
Overall neuro-oncology,DNA repair,PARP3,2001,0,0
Overall neuro-oncology,DNA repair,PARP3,2002,0,0
Overall neuro-oncology,DNA repair,PARP3,2003,0,0
Overall neuro-oncology,DNA repair,PARP3,2004,0,0
Overall neuro-oncology,DNA repair,PARP3,2005,0,0
Overall neuro-oncology,DNA repair,PARP3,2006,0,0
Overall neuro-oncology,DNA repair,PARP3,2007,0,0
Overall neuro-oncology,DNA repair,PARP3,2008,0,0
Overall neuro-oncology,DNA repair,PARP3,2009,0,0
Overall neuro-oncology,DNA repair,PARP3,2010,0,0
Overall neuro-oncology,DNA repair,PARP3,2011,0,0
Overall neuro-oncology,DNA repair,PARP3,2012,0,0
Overall neuro-oncology,DNA repair,PARP3,2013,0,0
Overall neuro-oncology,DNA repair,PARP3,2014,1,1
Overall neuro-oncology,DNA repair,PARP3,2015,0,1
Overall neuro-oncology,DNA repair,PARP3,2016,0,1
Overall neuro-oncology,DNA repair,PARP3,2017,0,1
Overall neuro-oncology,DNA repair,PARP3,2018,0,1
Overall neuro-oncology,DNA repair,PARP3,2019,0,1
Overall neuro-oncology,DNA repair,PARP3,2020,0,1
Overall neuro-oncology,DNA repair,PARP3,2021,0,1
Overall neuro-oncology,DNA repair,PARP3,2022,0,1
Overall neuro-oncology,DNA repair,PARP3,2023,0,1
Overall neuro-oncology,DNA repair,PARP3,2024,0,1
Overall neuro-oncology,DNA repair,PARP3,2025,0,1
Overall neuro-oncology,Epigenetic regulators,HDAC1,2000,0,0
Overall neuro-oncology,Epigenetic regulators,HDAC1,2001,0,0
Overall neuro-oncology,Epigenetic regulators,HDAC1,2002,0,0
Overall neuro-oncology,Epigenetic regulators,HDAC1,2003,0,0
Overall neuro-oncology,Epigenetic regulators,HDAC1,2004,0,0
Overall neuro-oncology,Epigenetic regulators,HDAC1,2005,0,0
Overall neuro-oncology,Epigenetic regulators,HDAC1,2006,1,1
Overall neuro-oncology,Epigenetic regulators,HDAC1,2007,0,1
Overall neuro-oncology,Epigenetic regulators,HDAC1,2008,0,1
Overall neuro-oncology,Epigenetic regulators,HDAC1,2009,0,1
Overall neuro-oncology,Epigenetic regulators,HDAC1,2010,0,1
Overall neuro-oncology,Epigenetic regulators,HDAC1,2011,0,1
Overall neuro-oncology,Epigenetic regulators,HDAC1,2012,0,1
Overall neuro-oncology,Epigenetic regulators,HDAC1,2013,0,1
Overall neuro-oncology,Epigenetic regulators,HDAC1,2014,0,1
Overall neuro-oncology,Epigenetic regulators,HDAC1,2015,0,1
Overall neuro-oncology,Epigenetic regulators,HDAC1,2016,0,1
Overall neuro-oncology,Epigenetic regulators,HDAC1,2017,0,1
Overall neuro-oncology,Epigenetic regulators,HDAC1,2018,0,1
Overall neuro-oncology,Epigenetic regulators,HDAC1,2019,1,2
Overall neuro-oncology,Epigenetic regulators,HDAC1,2020,0,2
Overall neuro-oncology,Epigenetic regulators,HDAC1,2021,0,2
Overall neuro-oncology,Epigenetic regulators,HDAC1,2022,0,2
Overall neuro-oncology,Epigenetic regulators,HDAC1,2023,0,2
Overall neuro-oncology,Epigenetic regulators,HDAC1,2024,0,2
Overall neuro-oncology,Epigenetic regulators,HDAC1,2025,1,3
Overall neuro-oncology,Epigenetic regulators,HDAC2,2000,0,0
Overall neuro-oncology,Epigenetic regulators,HDAC2,2001,0,0
Overall neuro-oncology,Epigenetic regulators,HDAC2,2002,0,0
Overall neuro-oncology,Epigenetic regulators,HDAC2,2003,0,0
Overall neuro-oncology,Epigenetic regulators,HDAC2,2004,0,0
Overall neuro-oncology,Epigenetic regulators,HDAC2,2005,0,0
Overall neuro-oncology,Epigenetic regulators,HDAC2,2006,0,0
Overall neuro-oncology,Epigenetic regulators,HDAC2,2007,0,0
Overall neuro-oncology,Epigenetic regulators,HDAC2,2008,0,0
Overall neuro-oncology,Epigenetic regulators,HDAC2,2009,0,0
Overall neuro-oncology,Epigenetic regulators,HDAC2,2010,0,0
Overall neuro-oncology,Epigenetic regulators,HDAC2,2011,0,0
Overall neuro-oncology,Epigenetic regulators,HDAC2,2012,0,0
Overall neuro-oncology,Epigenetic regulators,HDAC2,2013,0,0
Overall neuro-oncology,Epigenetic regulators,HDAC2,2014,0,0
Overall neuro-oncology,Epigenetic regulators,HDAC2,2015,0,0
Overall neuro-oncology,Epigenetic regulators,HDAC2,2016,0,0
Overall neuro-oncology,Epigenetic regulators,HDAC2,2017,0,0
Overall neuro-oncology,Epigenetic regulators,HDAC2,2018,0,0
Overall neuro-oncology,Epigenetic regulators,HDAC2,2019,0,0
Overall neuro-oncology,Epigenetic regulators,HDAC2,2020,0,0
Overall neuro-oncology,Epigenetic regulators,HDAC2,2021,0,0
Overall neuro-oncology,Epigenetic regulators,HDAC2,2022,0,0
Overall neuro-oncology,Epigenetic regulators,HDAC2,2023,0,0
Overall neuro-oncology,Epigenetic regulators,HDAC2,2024,0,0
Overall neuro-oncology,Epigenetic regulators,HDAC2,2025,2,2
Overall neuro-oncology,Epigenetic regulators,HDAC3,2000,0,0
Overall neuro-oncology,Epigenetic regulators,HDAC3,2001,0,0
Overall neuro-oncology,Epigenetic regulators,HDAC3,2002,0,0
Overall neuro-oncology,Epigenetic regulators,HDAC3,2003,0,0
Overall neuro-oncology,Epigenetic regulators,HDAC3,2004,0,0
Overall neuro-oncology,Epigenetic regulators,HDAC3,2005,0,0
Overall neuro-oncology,Epigenetic regulators,HDAC3,2006,0,0
Overall neuro-oncology,Epigenetic regulators,HDAC3,2007,0,0
Overall neuro-oncology,Epigenetic regulators,HDAC3,2008,0,0
Overall neuro-oncology,Epigenetic regulators,HDAC3,2009,0,0
Overall neuro-oncology,Epigenetic regulators,HDAC3,2010,0,0
Overall neuro-oncology,Epigenetic regulators,HDAC3,2011,0,0
Overall neuro-oncology,Epigenetic regulators,HDAC3,2012,0,0
Overall neuro-oncology,Epigenetic regulators,HDAC3,2013,1,1
Overall neuro-oncology,Epigenetic regulators,HDAC3,2014,0,1
Overall neuro-oncology,Epigenetic regulators,HDAC3,2015,0,1
Overall neuro-oncology,Epigenetic regulators,HDAC3,2016,0,1
Overall neuro-oncology,Epigenetic regulators,HDAC3,2017,0,1
Overall neuro-oncology,Epigenetic regulators,HDAC3,2018,0,1
Overall neuro-oncology,Epigenetic regulators,HDAC3,2019,0,1
Overall neuro-oncology,Epigenetic regulators,HDAC3,2020,0,1
Overall neuro-oncology,Epigenetic regulators,HDAC3,2021,0,1
Overall neuro-oncology,Epigenetic regulators,HDAC3,2022,0,1
Overall neuro-oncology,Epigenetic regulators,HDAC3,2023,0,1
Overall neuro-oncology,Epigenetic regulators,HDAC3,2024,0,1
Overall neuro-oncology,Epigenetic regulators,HDAC3,2025,0,1
Overall neuro-oncology,Epigenetic regulators,HDAC6,2000,0,0
Overall neuro-oncology,Epigenetic regulators,HDAC6,2001,0,0
Overall neuro-oncology,Epigenetic regulators,HDAC6,2002,0,0
Overall neuro-oncology,Epigenetic regulators,HDAC6,2003,0,0
Overall neuro-oncology,Epigenetic regulators,HDAC6,2004,0,0
Overall neuro-oncology,Epigenetic regulators,HDAC6,2005,0,0
Overall neuro-oncology,Epigenetic regulators,HDAC6,2006,0,0
Overall neuro-oncology,Epigenetic regulators,HDAC6,2007,0,0
Overall neuro-oncology,Epigenetic regulators,HDAC6,2008,0,0
Overall neuro-oncology,Epigenetic regulators,HDAC6,2009,0,0
Overall neuro-oncology,Epigenetic regulators,HDAC6,2010,0,0
Overall neuro-oncology,Epigenetic regulators,HDAC6,2011,0,0
Overall neuro-oncology,Epigenetic regulators,HDAC6,2012,0,0
Overall neuro-oncology,Epigenetic regulators,HDAC6,2013,0,0
Overall neuro-oncology,Epigenetic regulators,HDAC6,2014,0,0
Overall neuro-oncology,Epigenetic regulators,HDAC6,2015,0,0
Overall neuro-oncology,Epigenetic regulators,HDAC6,2016,0,0
Overall neuro-oncology,Epigenetic regulators,HDAC6,2017,0,0
Overall neuro-oncology,Epigenetic regulators,HDAC6,2018,0,0
Overall neuro-oncology,Epigenetic regulators,HDAC6,2019,0,0
Overall neuro-oncology,Epigenetic regulators,HDAC6,2020,0,0
Overall neuro-oncology,Epigenetic regulators,HDAC6,2021,1,1
Overall neuro-oncology,Epigenetic regulators,HDAC6,2022,0,1
Overall neuro-oncology,Epigenetic regulators,HDAC6,2023,0,1
Overall neuro-oncology,Epigenetic regulators,HDAC6,2024,1,2
Overall neuro-oncology,Epigenetic regulators,HDAC6,2025,1,3
Overall neuro-oncology,ErbB / EGFR family,EGFR,2000,6,6
Overall neuro-oncology,ErbB / EGFR family,EGFR,2001,6,12
Overall neuro-oncology,ErbB / EGFR family,EGFR,2002,6,18
Overall neuro-oncology,ErbB / EGFR family,EGFR,2003,12,30
Overall neuro-oncology,ErbB / EGFR family,EGFR,2004,26,56
Overall neuro-oncology,ErbB / EGFR family,EGFR,2005,10,66
Overall neuro-oncology,ErbB / EGFR family,EGFR,2006,14,80
Overall neuro-oncology,ErbB / EGFR family,EGFR,2007,23,103
Overall neuro-oncology,ErbB / EGFR family,EGFR,2008,18,121
Overall neuro-oncology,ErbB / EGFR family,EGFR,2009,27,148
Overall neuro-oncology,ErbB / EGFR family,EGFR,2010,27,175
Overall neuro-oncology,ErbB / EGFR family,EGFR,2011,29,204
Overall neuro-oncology,ErbB / EGFR family,EGFR,2012,34,238
Overall neuro-oncology,ErbB / EGFR family,EGFR,2013,34,272
Overall neuro-oncology,ErbB / EGFR family,EGFR,2014,44,316
Overall neuro-oncology,ErbB / EGFR family,EGFR,2015,50,366
Overall neuro-oncology,ErbB / EGFR family,EGFR,2016,43,409
Overall neuro-oncology,ErbB / EGFR family,EGFR,2017,48,457
Overall neuro-oncology,ErbB / EGFR family,EGFR,2018,59,516
Overall neuro-oncology,ErbB / EGFR family,EGFR,2019,41,557
Overall neuro-oncology,ErbB / EGFR family,EGFR,2020,56,613
Overall neuro-oncology,ErbB / EGFR family,EGFR,2021,68,681
Overall neuro-oncology,ErbB / EGFR family,EGFR,2022,79,760
Overall neuro-oncology,ErbB / EGFR family,EGFR,2023,67,827
Overall neuro-oncology,ErbB / EGFR family,EGFR,2024,73,900
Overall neuro-oncology,ErbB / EGFR family,EGFR,2025,97,997
Overall neuro-oncology,ErbB / EGFR family,HER2,2000,0,0
Overall neuro-oncology,ErbB / EGFR family,HER2,2001,1,1
Overall neuro-oncology,ErbB / EGFR family,HER2,2002,1,2
Overall neuro-oncology,ErbB / EGFR family,HER2,2003,0,2
Overall neuro-oncology,ErbB / EGFR family,HER2,2004,3,5
Overall neuro-oncology,ErbB / EGFR family,HER2,2005,2,7
Overall neuro-oncology,ErbB / EGFR family,HER2,2006,3,10
Overall neuro-oncology,ErbB / EGFR family,HER2,2007,11,21
Overall neuro-oncology,ErbB / EGFR family,HER2,2008,8,29
Overall neuro-oncology,ErbB / EGFR family,HER2,2009,9,38
Overall neuro-oncology,ErbB / EGFR family,HER2,2010,3,41
Overall neuro-oncology,ErbB / EGFR family,HER2,2011,7,48
Overall neuro-oncology,ErbB / EGFR family,HER2,2012,9,57
Overall neuro-oncology,ErbB / EGFR family,HER2,2013,13,70
Overall neuro-oncology,ErbB / EGFR family,HER2,2014,14,84
Overall neuro-oncology,ErbB / EGFR family,HER2,2015,12,96
Overall neuro-oncology,ErbB / EGFR family,HER2,2016,14,110
Overall neuro-oncology,ErbB / EGFR family,HER2,2017,16,126
Overall neuro-oncology,ErbB / EGFR family,HER2,2018,14,140
Overall neuro-oncology,ErbB / EGFR family,HER2,2019,12,152
Overall neuro-oncology,ErbB / EGFR family,HER2,2020,21,173
Overall neuro-oncology,ErbB / EGFR family,HER2,2021,30,203
Overall neuro-oncology,ErbB / EGFR family,HER2,2022,42,245
Overall neuro-oncology,ErbB / EGFR family,HER2,2023,32,277
Overall neuro-oncology,ErbB / EGFR family,HER2,2024,31,308
Overall neuro-oncology,ErbB / EGFR family,HER2,2025,37,345
Overall neuro-oncology,ErbB / EGFR family,HER4,2000,0,0
Overall neuro-oncology,ErbB / EGFR family,HER4,2001,1,1
Overall neuro-oncology,ErbB / EGFR family,HER4,2002,0,1
Overall neuro-oncology,ErbB / EGFR family,HER4,2003,0,1
Overall neuro-oncology,ErbB / EGFR family,HER4,2004,2,3
Overall neuro-oncology,ErbB / EGFR family,HER4,2005,0,3
Overall neuro-oncology,ErbB / EGFR family,HER4,2006,1,4
Overall neuro-oncology,ErbB / EGFR family,HER4,2007,0,4
Overall neuro-oncology,ErbB / EGFR family,HER4,2008,0,4
Overall neuro-oncology,ErbB / EGFR family,HER4,2009,0,4
Overall neuro-oncology,ErbB / EGFR family,HER4,2010,0,4
Overall neuro-oncology,ErbB / EGFR family,HER4,2011,1,5
Overall neuro-oncology,ErbB / EGFR family,HER4,2012,0,5
Overall neuro-oncology,ErbB / EGFR family,HER4,2013,0,5
Overall neuro-oncology,ErbB / EGFR family,HER4,2014,1,6
Overall neuro-oncology,ErbB / EGFR family,HER4,2015,0,6
Overall neuro-oncology,ErbB / EGFR family,HER4,2016,0,6
Overall neuro-oncology,ErbB / EGFR family,HER4,2017,2,8
Overall neuro-oncology,ErbB / EGFR family,HER4,2018,0,8
Overall neuro-oncology,ErbB / EGFR family,HER4,2019,0,8
Overall neuro-oncology,ErbB / EGFR family,HER4,2020,1,9
Overall neuro-oncology,ErbB / EGFR family,HER4,2021,0,9
Overall neuro-oncology,ErbB / EGFR family,HER4,2022,1,10
Overall neuro-oncology,ErbB / EGFR family,HER4,2023,1,11
Overall neuro-oncology,ErbB / EGFR family,HER4,2024,0,11
Overall neuro-oncology,ErbB / EGFR family,HER4,2025,0,11
Overall neuro-oncology,IDH,IDH1,2000,0,0
Overall neuro-oncology,IDH,IDH1,2001,0,0
Overall neuro-oncology,IDH,IDH1,2002,0,0
Overall neuro-oncology,IDH,IDH1,2003,0,0
Overall neuro-oncology,IDH,IDH1,2004,0,0
Overall neuro-oncology,IDH,IDH1,2005,0,0
Overall neuro-oncology,IDH,IDH1,2006,0,0
Overall neuro-oncology,IDH,IDH1,2007,0,0
Overall neuro-oncology,IDH,IDH1,2008,0,0
Overall neuro-oncology,IDH,IDH1,2009,5,5
Overall neuro-oncology,IDH,IDH1,2010,16,21
Overall neuro-oncology,IDH,IDH1,2011,23,44
Overall neuro-oncology,IDH,IDH1,2012,17,61
Overall neuro-oncology,IDH,IDH1,2013,27,88
Overall neuro-oncology,IDH,IDH1,2014,18,106
Overall neuro-oncology,IDH,IDH1,2015,33,139
Overall neuro-oncology,IDH,IDH1,2016,36,175
Overall neuro-oncology,IDH,IDH1,2017,20,195
Overall neuro-oncology,IDH,IDH1,2018,36,231
Overall neuro-oncology,IDH,IDH1,2019,26,257
Overall neuro-oncology,IDH,IDH1,2020,25,282
Overall neuro-oncology,IDH,IDH1,2021,26,308
Overall neuro-oncology,IDH,IDH1,2022,26,334
Overall neuro-oncology,IDH,IDH1,2023,19,353
Overall neuro-oncology,IDH,IDH1,2024,28,381
Overall neuro-oncology,IDH,IDH1,2025,16,397
Overall neuro-oncology,IDH,IDH2,2000,0,0
Overall neuro-oncology,IDH,IDH2,2001,0,0
Overall neuro-oncology,IDH,IDH2,2002,0,0
Overall neuro-oncology,IDH,IDH2,2003,0,0
Overall neuro-oncology,IDH,IDH2,2004,0,0
Overall neuro-oncology,IDH,IDH2,2005,0,0
Overall neuro-oncology,IDH,IDH2,2006,0,0
Overall neuro-oncology,IDH,IDH2,2007,0,0
Overall neuro-oncology,IDH,IDH2,2008,0,0
Overall neuro-oncology,IDH,IDH2,2009,4,4
Overall neuro-oncology,IDH,IDH2,2010,8,12
Overall neuro-oncology,IDH,IDH2,2011,9,21
Overall neuro-oncology,IDH,IDH2,2012,4,25
Overall neuro-oncology,IDH,IDH2,2013,11,36
Overall neuro-oncology,IDH,IDH2,2014,7,43
Overall neuro-oncology,IDH,IDH2,2015,8,51
Overall neuro-oncology,IDH,IDH2,2016,12,63
Overall neuro-oncology,IDH,IDH2,2017,3,66
Overall neuro-oncology,IDH,IDH2,2018,13,79
Overall neuro-oncology,IDH,IDH2,2019,10,89
Overall neuro-oncology,IDH,IDH2,2020,3,92
Overall neuro-oncology,IDH,IDH2,2021,7,99
Overall neuro-oncology,IDH,IDH2,2022,10,109
Overall neuro-oncology,IDH,IDH2,2023,5,114
Overall neuro-oncology,IDH,IDH2,2024,11,125
Overall neuro-oncology,IDH,IDH2,2025,4,129
Overall neuro-oncology,Integrins,Integrin αvβ3,2000,1,1
Overall neuro-oncology,Integrins,Integrin αvβ3,2001,0,1
Overall neuro-oncology,Integrins,Integrin αvβ3,2002,0,1
Overall neuro-oncology,Integrins,Integrin αvβ3,2003,0,1
Overall neuro-oncology,Integrins,Integrin αvβ3,2004,12,13
Overall neuro-oncology,Integrins,Integrin αvβ3,2005,0,13
Overall neuro-oncology,Integrins,Integrin αvβ3,2006,0,13
Overall neuro-oncology,Integrins,Integrin αvβ3,2007,0,13
Overall neuro-oncology,Integrins,Integrin αvβ3,2008,0,13
Overall neuro-oncology,Integrins,Integrin αvβ3,2009,1,14
Overall neuro-oncology,Integrins,Integrin αvβ3,2010,0,14
Overall neuro-oncology,Integrins,Integrin αvβ3,2011,1,15
Overall neuro-oncology,Integrins,Integrin αvβ3,2012,0,15
Overall neuro-oncology,Integrins,Integrin αvβ3,2013,0,15
Overall neuro-oncology,Integrins,Integrin αvβ3,2014,0,15
Overall neuro-oncology,Integrins,Integrin αvβ3,2015,1,16
Overall neuro-oncology,Integrins,Integrin αvβ3,2016,0,16
Overall neuro-oncology,Integrins,Integrin αvβ3,2017,1,17
Overall neuro-oncology,Integrins,Integrin αvβ3,2018,0,17
Overall neuro-oncology,Integrins,Integrin αvβ3,2019,0,17
Overall neuro-oncology,Integrins,Integrin αvβ3,2020,1,18
Overall neuro-oncology,Integrins,Integrin αvβ3,2021,1,19
Overall neuro-oncology,Integrins,Integrin αvβ3,2022,1,20
Overall neuro-oncology,Integrins,Integrin αvβ3,2023,1,21
Overall neuro-oncology,Integrins,Integrin αvβ3,2024,0,21
Overall neuro-oncology,Integrins,Integrin αvβ3,2025,0,21
Overall neuro-oncology,Integrins,Integrin αvβ5,2000,0,0
Overall neuro-oncology,Integrins,Integrin αvβ5,2001,0,0
Overall neuro-oncology,Integrins,Integrin αvβ5,2002,0,0
Overall neuro-oncology,Integrins,Integrin αvβ5,2003,0,0
Overall neuro-oncology,Integrins,Integrin αvβ5,2004,0,0
Overall neuro-oncology,Integrins,Integrin αvβ5,2005,0,0
Overall neuro-oncology,Integrins,Integrin αvβ5,2006,0,0
Overall neuro-oncology,Integrins,Integrin αvβ5,2007,0,0
Overall neuro-oncology,Integrins,Integrin αvβ5,2008,0,0
Overall neuro-oncology,Integrins,Integrin αvβ5,2009,0,0
Overall neuro-oncology,Integrins,Integrin αvβ5,2010,0,0
Overall neuro-oncology,Integrins,Integrin αvβ5,2011,0,0
Overall neuro-oncology,Integrins,Integrin αvβ5,2012,0,0
Overall neuro-oncology,Integrins,Integrin αvβ5,2013,0,0
Overall neuro-oncology,Integrins,Integrin αvβ5,2014,0,0
Overall neuro-oncology,Integrins,Integrin αvβ5,2015,0,0
Overall neuro-oncology,Integrins,Integrin αvβ5,2016,0,0
Overall neuro-oncology,Integrins,Integrin αvβ5,2017,0,0
Overall neuro-oncology,Integrins,Integrin αvβ5,2018,0,0
Overall neuro-oncology,Integrins,Integrin αvβ5,2019,0,0
Overall neuro-oncology,Integrins,Integrin αvβ5,2020,0,0
Overall neuro-oncology,Integrins,Integrin αvβ5,2021,0,0
Overall neuro-oncology,Integrins,Integrin αvβ5,2022,0,0
Overall neuro-oncology,Integrins,Integrin αvβ5,2023,0,0
Overall neuro-oncology,Integrins,Integrin αvβ5,2024,0,0
Overall neuro-oncology,Integrins,Integrin αvβ5,2025,1,1
Overall neuro-oncology,Monocarboxylate transporters,MCT1,2000,0,0
Overall neuro-oncology,Monocarboxylate transporters,MCT1,2001,0,0
Overall neuro-oncology,Monocarboxylate transporters,MCT1,2002,0,0
Overall neuro-oncology,Monocarboxylate transporters,MCT1,2003,0,0
Overall neuro-oncology,Monocarboxylate transporters,MCT1,2004,0,0
Overall neuro-oncology,Monocarboxylate transporters,MCT1,2005,0,0
Overall neuro-oncology,Monocarboxylate transporters,MCT1,2006,0,0
Overall neuro-oncology,Monocarboxylate transporters,MCT1,2007,0,0
Overall neuro-oncology,Monocarboxylate transporters,MCT1,2008,0,0
Overall neuro-oncology,Monocarboxylate transporters,MCT1,2009,0,0
Overall neuro-oncology,Monocarboxylate transporters,MCT1,2010,0,0
Overall neuro-oncology,Monocarboxylate transporters,MCT1,2011,0,0
Overall neuro-oncology,Monocarboxylate transporters,MCT1,2012,0,0
Overall neuro-oncology,Monocarboxylate transporters,MCT1,2013,0,0
Overall neuro-oncology,Monocarboxylate transporters,MCT1,2014,0,0
Overall neuro-oncology,Monocarboxylate transporters,MCT1,2015,0,0
Overall neuro-oncology,Monocarboxylate transporters,MCT1,2016,0,0
Overall neuro-oncology,Monocarboxylate transporters,MCT1,2017,1,1
Overall neuro-oncology,Monocarboxylate transporters,MCT1,2018,1,2
Overall neuro-oncology,Monocarboxylate transporters,MCT1,2019,1,3
Overall neuro-oncology,Monocarboxylate transporters,MCT1,2020,0,3
Overall neuro-oncology,Monocarboxylate transporters,MCT1,2021,1,4
Overall neuro-oncology,Monocarboxylate transporters,MCT1,2022,0,4
Overall neuro-oncology,Monocarboxylate transporters,MCT1,2023,0,4
Overall neuro-oncology,Monocarboxylate transporters,MCT1,2024,0,4
Overall neuro-oncology,Monocarboxylate transporters,MCT1,2025,0,4
Overall neuro-oncology,Monocarboxylate transporters,MCT2,2000,0,0
Overall neuro-oncology,Monocarboxylate transporters,MCT2,2001,0,0
Overall neuro-oncology,Monocarboxylate transporters,MCT2,2002,0,0
Overall neuro-oncology,Monocarboxylate transporters,MCT2,2003,0,0
Overall neuro-oncology,Monocarboxylate transporters,MCT2,2004,0,0
Overall neuro-oncology,Monocarboxylate transporters,MCT2,2005,0,0
Overall neuro-oncology,Monocarboxylate transporters,MCT2,2006,0,0
Overall neuro-oncology,Monocarboxylate transporters,MCT2,2007,0,0
Overall neuro-oncology,Monocarboxylate transporters,MCT2,2008,0,0
Overall neuro-oncology,Monocarboxylate transporters,MCT2,2009,0,0
Overall neuro-oncology,Monocarboxylate transporters,MCT2,2010,0,0
Overall neuro-oncology,Monocarboxylate transporters,MCT2,2011,0,0
Overall neuro-oncology,Monocarboxylate transporters,MCT2,2012,0,0
Overall neuro-oncology,Monocarboxylate transporters,MCT2,2013,0,0
Overall neuro-oncology,Monocarboxylate transporters,MCT2,2014,0,0
Overall neuro-oncology,Monocarboxylate transporters,MCT2,2015,0,0
Overall neuro-oncology,Monocarboxylate transporters,MCT2,2016,0,0
Overall neuro-oncology,Monocarboxylate transporters,MCT2,2017,0,0
Overall neuro-oncology,Monocarboxylate transporters,MCT2,2018,0,0
Overall neuro-oncology,Monocarboxylate transporters,MCT2,2019,1,1
Overall neuro-oncology,Monocarboxylate transporters,MCT2,2020,0,1
Overall neuro-oncology,Monocarboxylate transporters,MCT2,2021,0,1
Overall neuro-oncology,Monocarboxylate transporters,MCT2,2022,0,1
Overall neuro-oncology,Monocarboxylate transporters,MCT2,2023,0,1
Overall neuro-oncology,Monocarboxylate transporters,MCT2,2024,0,1
Overall neuro-oncology,Monocarboxylate transporters,MCT2,2025,0,1
Overall neuro-oncology,Monocarboxylate transporters,MCT4,2000,0,0
Overall neuro-oncology,Monocarboxylate transporters,MCT4,2001,0,0
Overall neuro-oncology,Monocarboxylate transporters,MCT4,2002,0,0
Overall neuro-oncology,Monocarboxylate transporters,MCT4,2003,0,0
Overall neuro-oncology,Monocarboxylate transporters,MCT4,2004,0,0
Overall neuro-oncology,Monocarboxylate transporters,MCT4,2005,0,0
Overall neuro-oncology,Monocarboxylate transporters,MCT4,2006,0,0
Overall neuro-oncology,Monocarboxylate transporters,MCT4,2007,0,0
Overall neuro-oncology,Monocarboxylate transporters,MCT4,2008,0,0
Overall neuro-oncology,Monocarboxylate transporters,MCT4,2009,0,0
Overall neuro-oncology,Monocarboxylate transporters,MCT4,2010,0,0
Overall neuro-oncology,Monocarboxylate transporters,MCT4,2011,0,0
Overall neuro-oncology,Monocarboxylate transporters,MCT4,2012,0,0
Overall neuro-oncology,Monocarboxylate transporters,MCT4,2013,0,0
Overall neuro-oncology,Monocarboxylate transporters,MCT4,2014,0,0
Overall neuro-oncology,Monocarboxylate transporters,MCT4,2015,0,0
Overall neuro-oncology,Monocarboxylate transporters,MCT4,2016,0,0
Overall neuro-oncology,Monocarboxylate transporters,MCT4,2017,0,0
Overall neuro-oncology,Monocarboxylate transporters,MCT4,2018,1,1
Overall neuro-oncology,Monocarboxylate transporters,MCT4,2019,0,1
Overall neuro-oncology,Monocarboxylate transporters,MCT4,2020,0,1
Overall neuro-oncology,Monocarboxylate transporters,MCT4,2021,1,2
Overall neuro-oncology,Monocarboxylate transporters,MCT4,2022,0,2
Overall neuro-oncology,Monocarboxylate transporters,MCT4,2023,0,2
Overall neuro-oncology,Monocarboxylate transporters,MCT4,2024,0,2
Overall neuro-oncology,Monocarboxylate transporters,MCT4,2025,0,2
Overall neuro-oncology,ONC201 / dordaviprone targets,ClpP,2000,0,0
Overall neuro-oncology,ONC201 / dordaviprone targets,ClpP,2001,0,0
Overall neuro-oncology,ONC201 / dordaviprone targets,ClpP,2002,0,0
Overall neuro-oncology,ONC201 / dordaviprone targets,ClpP,2003,0,0
Overall neuro-oncology,ONC201 / dordaviprone targets,ClpP,2004,0,0
Overall neuro-oncology,ONC201 / dordaviprone targets,ClpP,2005,0,0
Overall neuro-oncology,ONC201 / dordaviprone targets,ClpP,2006,0,0
Overall neuro-oncology,ONC201 / dordaviprone targets,ClpP,2007,0,0
Overall neuro-oncology,ONC201 / dordaviprone targets,ClpP,2008,0,0
Overall neuro-oncology,ONC201 / dordaviprone targets,ClpP,2009,0,0
Overall neuro-oncology,ONC201 / dordaviprone targets,ClpP,2010,0,0
Overall neuro-oncology,ONC201 / dordaviprone targets,ClpP,2011,0,0
Overall neuro-oncology,ONC201 / dordaviprone targets,ClpP,2012,0,0
Overall neuro-oncology,ONC201 / dordaviprone targets,ClpP,2013,0,0
Overall neuro-oncology,ONC201 / dordaviprone targets,ClpP,2014,0,0
Overall neuro-oncology,ONC201 / dordaviprone targets,ClpP,2015,0,0
Overall neuro-oncology,ONC201 / dordaviprone targets,ClpP,2016,0,0
Overall neuro-oncology,ONC201 / dordaviprone targets,ClpP,2017,0,0
Overall neuro-oncology,ONC201 / dordaviprone targets,ClpP,2018,0,0
Overall neuro-oncology,ONC201 / dordaviprone targets,ClpP,2019,0,0
Overall neuro-oncology,ONC201 / dordaviprone targets,ClpP,2020,1,1
Overall neuro-oncology,ONC201 / dordaviprone targets,ClpP,2021,1,2
Overall neuro-oncology,ONC201 / dordaviprone targets,ClpP,2022,0,2
Overall neuro-oncology,ONC201 / dordaviprone targets,ClpP,2023,0,2
Overall neuro-oncology,ONC201 / dordaviprone targets,ClpP,2024,1,3
Overall neuro-oncology,ONC201 / dordaviprone targets,ClpP,2025,2,5
Overall neuro-oncology,ONC201 / dordaviprone targets,DRD2,2000,0,0
Overall neuro-oncology,ONC201 / dordaviprone targets,DRD2,2001,0,0
Overall neuro-oncology,ONC201 / dordaviprone targets,DRD2,2002,0,0
Overall neuro-oncology,ONC201 / dordaviprone targets,DRD2,2003,0,0
Overall neuro-oncology,ONC201 / dordaviprone targets,DRD2,2004,0,0
Overall neuro-oncology,ONC201 / dordaviprone targets,DRD2,2005,0,0
Overall neuro-oncology,ONC201 / dordaviprone targets,DRD2,2006,0,0
Overall neuro-oncology,ONC201 / dordaviprone targets,DRD2,2007,0,0
Overall neuro-oncology,ONC201 / dordaviprone targets,DRD2,2008,0,0
Overall neuro-oncology,ONC201 / dordaviprone targets,DRD2,2009,0,0
Overall neuro-oncology,ONC201 / dordaviprone targets,DRD2,2010,0,0
Overall neuro-oncology,ONC201 / dordaviprone targets,DRD2,2011,0,0
Overall neuro-oncology,ONC201 / dordaviprone targets,DRD2,2012,0,0
Overall neuro-oncology,ONC201 / dordaviprone targets,DRD2,2013,0,0
Overall neuro-oncology,ONC201 / dordaviprone targets,DRD2,2014,0,0
Overall neuro-oncology,ONC201 / dordaviprone targets,DRD2,2015,0,0
Overall neuro-oncology,ONC201 / dordaviprone targets,DRD2,2016,0,0
Overall neuro-oncology,ONC201 / dordaviprone targets,DRD2,2017,0,0
Overall neuro-oncology,ONC201 / dordaviprone targets,DRD2,2018,0,0
Overall neuro-oncology,ONC201 / dordaviprone targets,DRD2,2019,0,0
Overall neuro-oncology,ONC201 / dordaviprone targets,DRD2,2020,1,1
Overall neuro-oncology,ONC201 / dordaviprone targets,DRD2,2021,3,4
Overall neuro-oncology,ONC201 / dordaviprone targets,DRD2,2022,2,6
Overall neuro-oncology,ONC201 / dordaviprone targets,DRD2,2023,0,6
Overall neuro-oncology,ONC201 / dordaviprone targets,DRD2,2024,0,6
Overall neuro-oncology,ONC201 / dordaviprone targets,DRD2,2025,1,7
Overall neuro-oncology,PDGFR / KIT / ABL,ABL1,2000,0,0
Overall neuro-oncology,PDGFR / KIT / ABL,ABL1,2001,0,0
Overall neuro-oncology,PDGFR / KIT / ABL,ABL1,2002,0,0
Overall neuro-oncology,PDGFR / KIT / ABL,ABL1,2003,0,0
Overall neuro-oncology,PDGFR / KIT / ABL,ABL1,2004,0,0
Overall neuro-oncology,PDGFR / KIT / ABL,ABL1,2005,0,0
Overall neuro-oncology,PDGFR / KIT / ABL,ABL1,2006,0,0
Overall neuro-oncology,PDGFR / KIT / ABL,ABL1,2007,0,0
Overall neuro-oncology,PDGFR / KIT / ABL,ABL1,2008,0,0
Overall neuro-oncology,PDGFR / KIT / ABL,ABL1,2009,0,0
Overall neuro-oncology,PDGFR / KIT / ABL,ABL1,2010,0,0
Overall neuro-oncology,PDGFR / KIT / ABL,ABL1,2011,0,0
Overall neuro-oncology,PDGFR / KIT / ABL,ABL1,2012,0,0
Overall neuro-oncology,PDGFR / KIT / ABL,ABL1,2013,0,0
Overall neuro-oncology,PDGFR / KIT / ABL,ABL1,2014,1,1
Overall neuro-oncology,PDGFR / KIT / ABL,ABL1,2015,0,1
Overall neuro-oncology,PDGFR / KIT / ABL,ABL1,2016,0,1
Overall neuro-oncology,PDGFR / KIT / ABL,ABL1,2017,0,1
Overall neuro-oncology,PDGFR / KIT / ABL,ABL1,2018,1,2
Overall neuro-oncology,PDGFR / KIT / ABL,ABL1,2019,0,2
Overall neuro-oncology,PDGFR / KIT / ABL,ABL1,2020,1,3
Overall neuro-oncology,PDGFR / KIT / ABL,ABL1,2021,0,3
Overall neuro-oncology,PDGFR / KIT / ABL,ABL1,2022,0,3
Overall neuro-oncology,PDGFR / KIT / ABL,ABL1,2023,0,3
Overall neuro-oncology,PDGFR / KIT / ABL,ABL1,2024,0,3
Overall neuro-oncology,PDGFR / KIT / ABL,ABL1,2025,0,3
Overall neuro-oncology,PDGFR / KIT / ABL,BCR-ABL,2000,0,0
Overall neuro-oncology,PDGFR / KIT / ABL,BCR-ABL,2001,1,1
Overall neuro-oncology,PDGFR / KIT / ABL,BCR-ABL,2002,2,3
Overall neuro-oncology,PDGFR / KIT / ABL,BCR-ABL,2003,1,4
Overall neuro-oncology,PDGFR / KIT / ABL,BCR-ABL,2004,0,4
Overall neuro-oncology,PDGFR / KIT / ABL,BCR-ABL,2005,0,4
Overall neuro-oncology,PDGFR / KIT / ABL,BCR-ABL,2006,0,4
Overall neuro-oncology,PDGFR / KIT / ABL,BCR-ABL,2007,0,4
Overall neuro-oncology,PDGFR / KIT / ABL,BCR-ABL,2008,0,4
Overall neuro-oncology,PDGFR / KIT / ABL,BCR-ABL,2009,1,5
Overall neuro-oncology,PDGFR / KIT / ABL,BCR-ABL,2010,0,5
Overall neuro-oncology,PDGFR / KIT / ABL,BCR-ABL,2011,1,6
Overall neuro-oncology,PDGFR / KIT / ABL,BCR-ABL,2012,0,6
Overall neuro-oncology,PDGFR / KIT / ABL,BCR-ABL,2013,0,6
Overall neuro-oncology,PDGFR / KIT / ABL,BCR-ABL,2014,3,9
Overall neuro-oncology,PDGFR / KIT / ABL,BCR-ABL,2015,0,9
Overall neuro-oncology,PDGFR / KIT / ABL,BCR-ABL,2016,0,9
Overall neuro-oncology,PDGFR / KIT / ABL,BCR-ABL,2017,0,9
Overall neuro-oncology,PDGFR / KIT / ABL,BCR-ABL,2018,0,9
Overall neuro-oncology,PDGFR / KIT / ABL,BCR-ABL,2019,1,10
Overall neuro-oncology,PDGFR / KIT / ABL,BCR-ABL,2020,1,11
Overall neuro-oncology,PDGFR / KIT / ABL,BCR-ABL,2021,0,11
Overall neuro-oncology,PDGFR / KIT / ABL,BCR-ABL,2022,0,11
Overall neuro-oncology,PDGFR / KIT / ABL,BCR-ABL,2023,0,11
Overall neuro-oncology,PDGFR / KIT / ABL,BCR-ABL,2024,0,11
Overall neuro-oncology,PDGFR / KIT / ABL,BCR-ABL,2025,0,11
Overall neuro-oncology,PDGFR / KIT / ABL,KIT,2000,0,0
Overall neuro-oncology,PDGFR / KIT / ABL,KIT,2001,2,2
Overall neuro-oncology,PDGFR / KIT / ABL,KIT,2002,2,4
Overall neuro-oncology,PDGFR / KIT / ABL,KIT,2003,3,7
Overall neuro-oncology,PDGFR / KIT / ABL,KIT,2004,0,7
Overall neuro-oncology,PDGFR / KIT / ABL,KIT,2005,3,10
Overall neuro-oncology,PDGFR / KIT / ABL,KIT,2006,0,10
Overall neuro-oncology,PDGFR / KIT / ABL,KIT,2007,2,12
Overall neuro-oncology,PDGFR / KIT / ABL,KIT,2008,2,14
Overall neuro-oncology,PDGFR / KIT / ABL,KIT,2009,1,15
Overall neuro-oncology,PDGFR / KIT / ABL,KIT,2010,1,16
Overall neuro-oncology,PDGFR / KIT / ABL,KIT,2011,3,19
Overall neuro-oncology,PDGFR / KIT / ABL,KIT,2012,1,20
Overall neuro-oncology,PDGFR / KIT / ABL,KIT,2013,0,20
Overall neuro-oncology,PDGFR / KIT / ABL,KIT,2014,1,21
Overall neuro-oncology,PDGFR / KIT / ABL,KIT,2015,0,21
Overall neuro-oncology,PDGFR / KIT / ABL,KIT,2016,1,22
Overall neuro-oncology,PDGFR / KIT / ABL,KIT,2017,0,22
Overall neuro-oncology,PDGFR / KIT / ABL,KIT,2018,0,22
Overall neuro-oncology,PDGFR / KIT / ABL,KIT,2019,1,23
Overall neuro-oncology,PDGFR / KIT / ABL,KIT,2020,0,23
Overall neuro-oncology,PDGFR / KIT / ABL,KIT,2021,0,23
Overall neuro-oncology,PDGFR / KIT / ABL,KIT,2022,0,23
Overall neuro-oncology,PDGFR / KIT / ABL,KIT,2023,1,24
Overall neuro-oncology,PDGFR / KIT / ABL,KIT,2024,2,26
Overall neuro-oncology,PDGFR / KIT / ABL,KIT,2025,2,28
Overall neuro-oncology,PDGFR / KIT / ABL,PDGFRα,2000,0,0
Overall neuro-oncology,PDGFR / KIT / ABL,PDGFRα,2001,0,0
Overall neuro-oncology,PDGFR / KIT / ABL,PDGFRα,2002,0,0
Overall neuro-oncology,PDGFR / KIT / ABL,PDGFRα,2003,0,0
Overall neuro-oncology,PDGFR / KIT / ABL,PDGFRα,2004,0,0
Overall neuro-oncology,PDGFR / KIT / ABL,PDGFRα,2005,0,0
Overall neuro-oncology,PDGFR / KIT / ABL,PDGFRα,2006,2,2
Overall neuro-oncology,PDGFR / KIT / ABL,PDGFRα,2007,0,2
Overall neuro-oncology,PDGFR / KIT / ABL,PDGFRα,2008,1,3
Overall neuro-oncology,PDGFR / KIT / ABL,PDGFRα,2009,0,3
Overall neuro-oncology,PDGFR / KIT / ABL,PDGFRα,2010,1,4
Overall neuro-oncology,PDGFR / KIT / ABL,PDGFRα,2011,2,6
Overall neuro-oncology,PDGFR / KIT / ABL,PDGFRα,2012,2,8
Overall neuro-oncology,PDGFR / KIT / ABL,PDGFRα,2013,2,10
Overall neuro-oncology,PDGFR / KIT / ABL,PDGFRα,2014,6,16
Overall neuro-oncology,PDGFR / KIT / ABL,PDGFRα,2015,3,19
Overall neuro-oncology,PDGFR / KIT / ABL,PDGFRα,2016,2,21
Overall neuro-oncology,PDGFR / KIT / ABL,PDGFRα,2017,4,25
Overall neuro-oncology,PDGFR / KIT / ABL,PDGFRα,2018,4,29
Overall neuro-oncology,PDGFR / KIT / ABL,PDGFRα,2019,2,31
Overall neuro-oncology,PDGFR / KIT / ABL,PDGFRα,2020,2,33
Overall neuro-oncology,PDGFR / KIT / ABL,PDGFRα,2021,4,37
Overall neuro-oncology,PDGFR / KIT / ABL,PDGFRα,2022,6,43
Overall neuro-oncology,PDGFR / KIT / ABL,PDGFRα,2023,3,46
Overall neuro-oncology,PDGFR / KIT / ABL,PDGFRα,2024,3,49
Overall neuro-oncology,PDGFR / KIT / ABL,PDGFRα,2025,6,55
Overall neuro-oncology,PDGFR / KIT / ABL,PDGFRβ,2000,0,0
Overall neuro-oncology,PDGFR / KIT / ABL,PDGFRβ,2001,0,0
Overall neuro-oncology,PDGFR / KIT / ABL,PDGFRβ,2002,0,0
Overall neuro-oncology,PDGFR / KIT / ABL,PDGFRβ,2003,0,0
Overall neuro-oncology,PDGFR / KIT / ABL,PDGFRβ,2004,0,0
Overall neuro-oncology,PDGFR / KIT / ABL,PDGFRβ,2005,0,0
Overall neuro-oncology,PDGFR / KIT / ABL,PDGFRβ,2006,0,0
Overall neuro-oncology,PDGFR / KIT / ABL,PDGFRβ,2007,0,0
Overall neuro-oncology,PDGFR / KIT / ABL,PDGFRβ,2008,0,0
Overall neuro-oncology,PDGFR / KIT / ABL,PDGFRβ,2009,0,0
Overall neuro-oncology,PDGFR / KIT / ABL,PDGFRβ,2010,0,0
Overall neuro-oncology,PDGFR / KIT / ABL,PDGFRβ,2011,0,0
Overall neuro-oncology,PDGFR / KIT / ABL,PDGFRβ,2012,1,1
Overall neuro-oncology,PDGFR / KIT / ABL,PDGFRβ,2013,0,1
Overall neuro-oncology,PDGFR / KIT / ABL,PDGFRβ,2014,0,1
Overall neuro-oncology,PDGFR / KIT / ABL,PDGFRβ,2015,1,2
Overall neuro-oncology,PDGFR / KIT / ABL,PDGFRβ,2016,0,2
Overall neuro-oncology,PDGFR / KIT / ABL,PDGFRβ,2017,0,2
Overall neuro-oncology,PDGFR / KIT / ABL,PDGFRβ,2018,0,2
Overall neuro-oncology,PDGFR / KIT / ABL,PDGFRβ,2019,0,2
Overall neuro-oncology,PDGFR / KIT / ABL,PDGFRβ,2020,0,2
Overall neuro-oncology,PDGFR / KIT / ABL,PDGFRβ,2021,2,4
Overall neuro-oncology,PDGFR / KIT / ABL,PDGFRβ,2022,0,4
Overall neuro-oncology,PDGFR / KIT / ABL,PDGFRβ,2023,0,4
Overall neuro-oncology,PDGFR / KIT / ABL,PDGFRβ,2024,2,6
Overall neuro-oncology,PDGFR / KIT / ABL,PDGFRβ,2025,1,7
Overall neuro-oncology,PI3K–AKT–mTOR pathway,FKBP12,2000,0,0
Overall neuro-oncology,PI3K–AKT–mTOR pathway,FKBP12,2001,1,1
Overall neuro-oncology,PI3K–AKT–mTOR pathway,FKBP12,2002,0,1
Overall neuro-oncology,PI3K–AKT–mTOR pathway,FKBP12,2003,0,1
Overall neuro-oncology,PI3K–AKT–mTOR pathway,FKBP12,2004,0,1
Overall neuro-oncology,PI3K–AKT–mTOR pathway,FKBP12,2005,0,1
Overall neuro-oncology,PI3K–AKT–mTOR pathway,FKBP12,2006,0,1
Overall neuro-oncology,PI3K–AKT–mTOR pathway,FKBP12,2007,0,1
Overall neuro-oncology,PI3K–AKT–mTOR pathway,FKBP12,2008,0,1
Overall neuro-oncology,PI3K–AKT–mTOR pathway,FKBP12,2009,0,1
Overall neuro-oncology,PI3K–AKT–mTOR pathway,FKBP12,2010,1,2
Overall neuro-oncology,PI3K–AKT–mTOR pathway,FKBP12,2011,1,3
Overall neuro-oncology,PI3K–AKT–mTOR pathway,FKBP12,2012,0,3
Overall neuro-oncology,PI3K–AKT–mTOR pathway,FKBP12,2013,0,3
Overall neuro-oncology,PI3K–AKT–mTOR pathway,FKBP12,2014,0,3
Overall neuro-oncology,PI3K–AKT–mTOR pathway,FKBP12,2015,0,3
Overall neuro-oncology,PI3K–AKT–mTOR pathway,FKBP12,2016,0,3
Overall neuro-oncology,PI3K–AKT–mTOR pathway,FKBP12,2017,0,3
Overall neuro-oncology,PI3K–AKT–mTOR pathway,FKBP12,2018,0,3
Overall neuro-oncology,PI3K–AKT–mTOR pathway,FKBP12,2019,0,3
Overall neuro-oncology,PI3K–AKT–mTOR pathway,FKBP12,2020,0,3
Overall neuro-oncology,PI3K–AKT–mTOR pathway,FKBP12,2021,0,3
Overall neuro-oncology,PI3K–AKT–mTOR pathway,FKBP12,2022,0,3
Overall neuro-oncology,PI3K–AKT–mTOR pathway,FKBP12,2023,0,3
Overall neuro-oncology,PI3K–AKT–mTOR pathway,FKBP12,2024,0,3
Overall neuro-oncology,PI3K–AKT–mTOR pathway,FKBP12,2025,0,3
Overall neuro-oncology,PI3K–AKT–mTOR pathway,PI3Kα,2000,0,0
Overall neuro-oncology,PI3K–AKT–mTOR pathway,PI3Kα,2001,0,0
Overall neuro-oncology,PI3K–AKT–mTOR pathway,PI3Kα,2002,0,0
Overall neuro-oncology,PI3K–AKT–mTOR pathway,PI3Kα,2003,0,0
Overall neuro-oncology,PI3K–AKT–mTOR pathway,PI3Kα,2004,0,0
Overall neuro-oncology,PI3K–AKT–mTOR pathway,PI3Kα,2005,0,0
Overall neuro-oncology,PI3K–AKT–mTOR pathway,PI3Kα,2006,1,1
Overall neuro-oncology,PI3K–AKT–mTOR pathway,PI3Kα,2007,0,1
Overall neuro-oncology,PI3K–AKT–mTOR pathway,PI3Kα,2008,0,1
Overall neuro-oncology,PI3K–AKT–mTOR pathway,PI3Kα,2009,1,2
Overall neuro-oncology,PI3K–AKT–mTOR pathway,PI3Kα,2010,0,2
Overall neuro-oncology,PI3K–AKT–mTOR pathway,PI3Kα,2011,0,2
Overall neuro-oncology,PI3K–AKT–mTOR pathway,PI3Kα,2012,0,2
Overall neuro-oncology,PI3K–AKT–mTOR pathway,PI3Kα,2013,0,2
Overall neuro-oncology,PI3K–AKT–mTOR pathway,PI3Kα,2014,0,2
Overall neuro-oncology,PI3K–AKT–mTOR pathway,PI3Kα,2015,2,4
Overall neuro-oncology,PI3K–AKT–mTOR pathway,PI3Kα,2016,3,7
Overall neuro-oncology,PI3K–AKT–mTOR pathway,PI3Kα,2017,3,10
Overall neuro-oncology,PI3K–AKT–mTOR pathway,PI3Kα,2018,2,12
Overall neuro-oncology,PI3K–AKT–mTOR pathway,PI3Kα,2019,0,12
Overall neuro-oncology,PI3K–AKT–mTOR pathway,PI3Kα,2020,2,14
Overall neuro-oncology,PI3K–AKT–mTOR pathway,PI3Kα,2021,4,18
Overall neuro-oncology,PI3K–AKT–mTOR pathway,PI3Kα,2022,2,20
Overall neuro-oncology,PI3K–AKT–mTOR pathway,PI3Kα,2023,4,24
Overall neuro-oncology,PI3K–AKT–mTOR pathway,PI3Kα,2024,1,25
Overall neuro-oncology,PI3K–AKT–mTOR pathway,PI3Kα,2025,7,32
Overall neuro-oncology,PI3K–AKT–mTOR pathway,mTOR,2000,0,0
Overall neuro-oncology,PI3K–AKT–mTOR pathway,mTOR,2001,0,0
Overall neuro-oncology,PI3K–AKT–mTOR pathway,mTOR,2002,0,0
Overall neuro-oncology,PI3K–AKT–mTOR pathway,mTOR,2003,0,0
Overall neuro-oncology,PI3K–AKT–mTOR pathway,mTOR,2004,3,3
Overall neuro-oncology,PI3K–AKT–mTOR pathway,mTOR,2005,2,5
Overall neuro-oncology,PI3K–AKT–mTOR pathway,mTOR,2006,4,9
Overall neuro-oncology,PI3K–AKT–mTOR pathway,mTOR,2007,4,13
Overall neuro-oncology,PI3K–AKT–mTOR pathway,mTOR,2008,3,16
Overall neuro-oncology,PI3K–AKT–mTOR pathway,mTOR,2009,8,24
Overall neuro-oncology,PI3K–AKT–mTOR pathway,mTOR,2010,9,33
Overall neuro-oncology,PI3K–AKT–mTOR pathway,mTOR,2011,6,39
Overall neuro-oncology,PI3K–AKT–mTOR pathway,mTOR,2012,15,54
Overall neuro-oncology,PI3K–AKT–mTOR pathway,mTOR,2013,18,72
Overall neuro-oncology,PI3K–AKT–mTOR pathway,mTOR,2014,21,93
Overall neuro-oncology,PI3K–AKT–mTOR pathway,mTOR,2015,17,110
Overall neuro-oncology,PI3K–AKT–mTOR pathway,mTOR,2016,27,137
Overall neuro-oncology,PI3K–AKT–mTOR pathway,mTOR,2017,21,158
Overall neuro-oncology,PI3K–AKT–mTOR pathway,mTOR,2018,20,178
Overall neuro-oncology,PI3K–AKT–mTOR pathway,mTOR,2019,19,197
Overall neuro-oncology,PI3K–AKT–mTOR pathway,mTOR,2020,22,219
Overall neuro-oncology,PI3K–AKT–mTOR pathway,mTOR,2021,27,246
Overall neuro-oncology,PI3K–AKT–mTOR pathway,mTOR,2022,36,282
Overall neuro-oncology,PI3K–AKT–mTOR pathway,mTOR,2023,23,305
Overall neuro-oncology,PI3K–AKT–mTOR pathway,mTOR,2024,34,339
Overall neuro-oncology,PI3K–AKT–mTOR pathway,mTOR,2025,51,390
Overall neuro-oncology,Protein prenylation,Farnesyltransferase,2000,0,0
Overall neuro-oncology,Protein prenylation,Farnesyltransferase,2001,0,0
Overall neuro-oncology,Protein prenylation,Farnesyltransferase,2002,0,0
Overall neuro-oncology,Protein prenylation,Farnesyltransferase,2003,1,1
Overall neuro-oncology,Protein prenylation,Farnesyltransferase,2004,2,3
Overall neuro-oncology,Protein prenylation,Farnesyltransferase,2005,0,3
Overall neuro-oncology,Protein prenylation,Farnesyltransferase,2006,0,3
Overall neuro-oncology,Protein prenylation,Farnesyltransferase,2007,2,5
Overall neuro-oncology,Protein prenylation,Farnesyltransferase,2008,0,5
Overall neuro-oncology,Protein prenylation,Farnesyltransferase,2009,0,5
Overall neuro-oncology,Protein prenylation,Farnesyltransferase,2010,0,5
Overall neuro-oncology,Protein prenylation,Farnesyltransferase,2011,0,5
Overall neuro-oncology,Protein prenylation,Farnesyltransferase,2012,0,5
Overall neuro-oncology,Protein prenylation,Farnesyltransferase,2013,1,6
Overall neuro-oncology,Protein prenylation,Farnesyltransferase,2014,0,6
Overall neuro-oncology,Protein prenylation,Farnesyltransferase,2015,0,6
Overall neuro-oncology,Protein prenylation,Farnesyltransferase,2016,0,6
Overall neuro-oncology,Protein prenylation,Farnesyltransferase,2017,0,6
Overall neuro-oncology,Protein prenylation,Farnesyltransferase,2018,0,6
Overall neuro-oncology,Protein prenylation,Farnesyltransferase,2019,0,6
Overall neuro-oncology,Protein prenylation,Farnesyltransferase,2020,1,7
Overall neuro-oncology,Protein prenylation,Farnesyltransferase,2021,0,7
Overall neuro-oncology,Protein prenylation,Farnesyltransferase,2022,1,8
Overall neuro-oncology,Protein prenylation,Farnesyltransferase,2023,0,8
Overall neuro-oncology,Protein prenylation,Farnesyltransferase,2024,0,8
Overall neuro-oncology,Protein prenylation,Farnesyltransferase,2025,0,8
Overall neuro-oncology,RAF / MAPK pathway,BRAF,2000,0,0
Overall neuro-oncology,RAF / MAPK pathway,BRAF,2001,0,0
Overall neuro-oncology,RAF / MAPK pathway,BRAF,2002,0,0
Overall neuro-oncology,RAF / MAPK pathway,BRAF,2003,0,0
Overall neuro-oncology,RAF / MAPK pathway,BRAF,2004,0,0
Overall neuro-oncology,RAF / MAPK pathway,BRAF,2005,0,0
Overall neuro-oncology,RAF / MAPK pathway,BRAF,2006,0,0
Overall neuro-oncology,RAF / MAPK pathway,BRAF,2007,0,0
Overall neuro-oncology,RAF / MAPK pathway,BRAF,2008,1,1
Overall neuro-oncology,RAF / MAPK pathway,BRAF,2009,3,4
Overall neuro-oncology,RAF / MAPK pathway,BRAF,2010,5,9
Overall neuro-oncology,RAF / MAPK pathway,BRAF,2011,3,12
Overall neuro-oncology,RAF / MAPK pathway,BRAF,2012,16,28
Overall neuro-oncology,RAF / MAPK pathway,BRAF,2013,14,42
Overall neuro-oncology,RAF / MAPK pathway,BRAF,2014,18,60
Overall neuro-oncology,RAF / MAPK pathway,BRAF,2015,28,88
Overall neuro-oncology,RAF / MAPK pathway,BRAF,2016,33,121
Overall neuro-oncology,RAF / MAPK pathway,BRAF,2017,27,148
Overall neuro-oncology,RAF / MAPK pathway,BRAF,2018,25,173
Overall neuro-oncology,RAF / MAPK pathway,BRAF,2019,27,200
Overall neuro-oncology,RAF / MAPK pathway,BRAF,2020,32,232
Overall neuro-oncology,RAF / MAPK pathway,BRAF,2021,32,264
Overall neuro-oncology,RAF / MAPK pathway,BRAF,2022,35,299
Overall neuro-oncology,RAF / MAPK pathway,BRAF,2023,32,331
Overall neuro-oncology,RAF / MAPK pathway,BRAF,2024,50,381
Overall neuro-oncology,RAF / MAPK pathway,BRAF,2025,56,437
Overall neuro-oncology,RAF / MAPK pathway,CRAF,2000,0,0
Overall neuro-oncology,RAF / MAPK pathway,CRAF,2001,0,0
Overall neuro-oncology,RAF / MAPK pathway,CRAF,2002,1,1
Overall neuro-oncology,RAF / MAPK pathway,CRAF,2003,0,1
Overall neuro-oncology,RAF / MAPK pathway,CRAF,2004,1,2
Overall neuro-oncology,RAF / MAPK pathway,CRAF,2005,0,2
Overall neuro-oncology,RAF / MAPK pathway,CRAF,2006,0,2
Overall neuro-oncology,RAF / MAPK pathway,CRAF,2007,0,2
Overall neuro-oncology,RAF / MAPK pathway,CRAF,2008,0,2
Overall neuro-oncology,RAF / MAPK pathway,CRAF,2009,0,2
Overall neuro-oncology,RAF / MAPK pathway,CRAF,2010,0,2
Overall neuro-oncology,RAF / MAPK pathway,CRAF,2011,0,2
Overall neuro-oncology,RAF / MAPK pathway,CRAF,2012,0,2
Overall neuro-oncology,RAF / MAPK pathway,CRAF,2013,0,2
Overall neuro-oncology,RAF / MAPK pathway,CRAF,2014,0,2
Overall neuro-oncology,RAF / MAPK pathway,CRAF,2015,0,2
Overall neuro-oncology,RAF / MAPK pathway,CRAF,2016,0,2
Overall neuro-oncology,RAF / MAPK pathway,CRAF,2017,0,2
Overall neuro-oncology,RAF / MAPK pathway,CRAF,2018,0,2
Overall neuro-oncology,RAF / MAPK pathway,CRAF,2019,0,2
Overall neuro-oncology,RAF / MAPK pathway,CRAF,2020,0,2
Overall neuro-oncology,RAF / MAPK pathway,CRAF,2021,0,2
Overall neuro-oncology,RAF / MAPK pathway,CRAF,2022,1,3
Overall neuro-oncology,RAF / MAPK pathway,CRAF,2023,1,4
Overall neuro-oncology,RAF / MAPK pathway,CRAF,2024,2,6
Overall neuro-oncology,RAF / MAPK pathway,CRAF,2025,0,6
Overall neuro-oncology,RAF / MAPK pathway,MEK1,2000,0,0
Overall neuro-oncology,RAF / MAPK pathway,MEK1,2001,0,0
Overall neuro-oncology,RAF / MAPK pathway,MEK1,2002,0,0
Overall neuro-oncology,RAF / MAPK pathway,MEK1,2003,0,0
Overall neuro-oncology,RAF / MAPK pathway,MEK1,2004,0,0
Overall neuro-oncology,RAF / MAPK pathway,MEK1,2005,0,0
Overall neuro-oncology,RAF / MAPK pathway,MEK1,2006,0,0
Overall neuro-oncology,RAF / MAPK pathway,MEK1,2007,0,0
Overall neuro-oncology,RAF / MAPK pathway,MEK1,2008,0,0
Overall neuro-oncology,RAF / MAPK pathway,MEK1,2009,0,0
Overall neuro-oncology,RAF / MAPK pathway,MEK1,2010,0,0
Overall neuro-oncology,RAF / MAPK pathway,MEK1,2011,0,0
Overall neuro-oncology,RAF / MAPK pathway,MEK1,2012,0,0
Overall neuro-oncology,RAF / MAPK pathway,MEK1,2013,1,1
Overall neuro-oncology,RAF / MAPK pathway,MEK1,2014,0,1
Overall neuro-oncology,RAF / MAPK pathway,MEK1,2015,0,1
Overall neuro-oncology,RAF / MAPK pathway,MEK1,2016,0,1
Overall neuro-oncology,RAF / MAPK pathway,MEK1,2017,0,1
Overall neuro-oncology,RAF / MAPK pathway,MEK1,2018,0,1
Overall neuro-oncology,RAF / MAPK pathway,MEK1,2019,0,1
Overall neuro-oncology,RAF / MAPK pathway,MEK1,2020,1,2
Overall neuro-oncology,RAF / MAPK pathway,MEK1,2021,1,3
Overall neuro-oncology,RAF / MAPK pathway,MEK1,2022,1,4
Overall neuro-oncology,RAF / MAPK pathway,MEK1,2023,0,4
Overall neuro-oncology,RAF / MAPK pathway,MEK1,2024,1,5
Overall neuro-oncology,RAF / MAPK pathway,MEK1,2025,4,9
Overall neuro-oncology,RAF / MAPK pathway,MEK2,2000,0,0
Overall neuro-oncology,RAF / MAPK pathway,MEK2,2001,0,0
Overall neuro-oncology,RAF / MAPK pathway,MEK2,2002,0,0
Overall neuro-oncology,RAF / MAPK pathway,MEK2,2003,0,0
Overall neuro-oncology,RAF / MAPK pathway,MEK2,2004,0,0
Overall neuro-oncology,RAF / MAPK pathway,MEK2,2005,0,0
Overall neuro-oncology,RAF / MAPK pathway,MEK2,2006,0,0
Overall neuro-oncology,RAF / MAPK pathway,MEK2,2007,0,0
Overall neuro-oncology,RAF / MAPK pathway,MEK2,2008,0,0
Overall neuro-oncology,RAF / MAPK pathway,MEK2,2009,0,0
Overall neuro-oncology,RAF / MAPK pathway,MEK2,2010,0,0
Overall neuro-oncology,RAF / MAPK pathway,MEK2,2011,0,0
Overall neuro-oncology,RAF / MAPK pathway,MEK2,2012,0,0
Overall neuro-oncology,RAF / MAPK pathway,MEK2,2013,0,0
Overall neuro-oncology,RAF / MAPK pathway,MEK2,2014,0,0
Overall neuro-oncology,RAF / MAPK pathway,MEK2,2015,0,0
Overall neuro-oncology,RAF / MAPK pathway,MEK2,2016,0,0
Overall neuro-oncology,RAF / MAPK pathway,MEK2,2017,0,0
Overall neuro-oncology,RAF / MAPK pathway,MEK2,2018,0,0
Overall neuro-oncology,RAF / MAPK pathway,MEK2,2019,0,0
Overall neuro-oncology,RAF / MAPK pathway,MEK2,2020,1,1
Overall neuro-oncology,RAF / MAPK pathway,MEK2,2021,0,1
Overall neuro-oncology,RAF / MAPK pathway,MEK2,2022,0,1
Overall neuro-oncology,RAF / MAPK pathway,MEK2,2023,0,1
Overall neuro-oncology,RAF / MAPK pathway,MEK2,2024,0,1
Overall neuro-oncology,RAF / MAPK pathway,MEK2,2025,0,1
Overall neuro-oncology,RAS,KRAS,2000,0,0
Overall neuro-oncology,RAS,KRAS,2001,0,0
Overall neuro-oncology,RAS,KRAS,2002,1,1
Overall neuro-oncology,RAS,KRAS,2003,0,1
Overall neuro-oncology,RAS,KRAS,2004,0,1
Overall neuro-oncology,RAS,KRAS,2005,0,1
Overall neuro-oncology,RAS,KRAS,2006,0,1
Overall neuro-oncology,RAS,KRAS,2007,0,1
Overall neuro-oncology,RAS,KRAS,2008,0,1
Overall neuro-oncology,RAS,KRAS,2009,0,1
Overall neuro-oncology,RAS,KRAS,2010,2,3
Overall neuro-oncology,RAS,KRAS,2011,0,3
Overall neuro-oncology,RAS,KRAS,2012,0,3
Overall neuro-oncology,RAS,KRAS,2013,1,4
Overall neuro-oncology,RAS,KRAS,2014,0,4
Overall neuro-oncology,RAS,KRAS,2015,4,8
Overall neuro-oncology,RAS,KRAS,2016,2,10
Overall neuro-oncology,RAS,KRAS,2017,1,11
Overall neuro-oncology,RAS,KRAS,2018,0,11
Overall neuro-oncology,RAS,KRAS,2019,1,12
Overall neuro-oncology,RAS,KRAS,2020,1,13
Overall neuro-oncology,RAS,KRAS,2021,7,20
Overall neuro-oncology,RAS,KRAS,2022,2,22
Overall neuro-oncology,RAS,KRAS,2023,3,25
Overall neuro-oncology,RAS,KRAS,2024,7,32
Overall neuro-oncology,RAS,KRAS,2025,6,38
Overall neuro-oncology,Receptor tyrosine kinases,ALK,2000,0,0
Overall neuro-oncology,Receptor tyrosine kinases,ALK,2001,0,0
Overall neuro-oncology,Receptor tyrosine kinases,ALK,2002,0,0
Overall neuro-oncology,Receptor tyrosine kinases,ALK,2003,0,0
Overall neuro-oncology,Receptor tyrosine kinases,ALK,2004,1,1
Overall neuro-oncology,Receptor tyrosine kinases,ALK,2005,0,1
Overall neuro-oncology,Receptor tyrosine kinases,ALK,2006,1,2
Overall neuro-oncology,Receptor tyrosine kinases,ALK,2007,0,2
Overall neuro-oncology,Receptor tyrosine kinases,ALK,2008,1,3
Overall neuro-oncology,Receptor tyrosine kinases,ALK,2009,1,4
Overall neuro-oncology,Receptor tyrosine kinases,ALK,2010,1,5
Overall neuro-oncology,Receptor tyrosine kinases,ALK,2011,0,5
Overall neuro-oncology,Receptor tyrosine kinases,ALK,2012,2,7
Overall neuro-oncology,Receptor tyrosine kinases,ALK,2013,2,9
Overall neuro-oncology,Receptor tyrosine kinases,ALK,2014,4,13
Overall neuro-oncology,Receptor tyrosine kinases,ALK,2015,14,27
Overall neuro-oncology,Receptor tyrosine kinases,ALK,2016,12,39
Overall neuro-oncology,Receptor tyrosine kinases,ALK,2017,14,53
Overall neuro-oncology,Receptor tyrosine kinases,ALK,2018,33,86
Overall neuro-oncology,Receptor tyrosine kinases,ALK,2019,19,105
Overall neuro-oncology,Receptor tyrosine kinases,ALK,2020,11,116
Overall neuro-oncology,Receptor tyrosine kinases,ALK,2021,21,137
Overall neuro-oncology,Receptor tyrosine kinases,ALK,2022,18,155
Overall neuro-oncology,Receptor tyrosine kinases,ALK,2023,26,181
Overall neuro-oncology,Receptor tyrosine kinases,ALK,2024,13,194
Overall neuro-oncology,Receptor tyrosine kinases,ALK,2025,20,214
Overall neuro-oncology,Receptor tyrosine kinases,MET,2000,0,0
Overall neuro-oncology,Receptor tyrosine kinases,MET,2001,1,1
Overall neuro-oncology,Receptor tyrosine kinases,MET,2002,0,1
Overall neuro-oncology,Receptor tyrosine kinases,MET,2003,0,1
Overall neuro-oncology,Receptor tyrosine kinases,MET,2004,4,5
Overall neuro-oncology,Receptor tyrosine kinases,MET,2005,1,6
Overall neuro-oncology,Receptor tyrosine kinases,MET,2006,0,6
Overall neuro-oncology,Receptor tyrosine kinases,MET,2007,1,7
Overall neuro-oncology,Receptor tyrosine kinases,MET,2008,1,8
Overall neuro-oncology,Receptor tyrosine kinases,MET,2009,2,10
Overall neuro-oncology,Receptor tyrosine kinases,MET,2010,2,12
Overall neuro-oncology,Receptor tyrosine kinases,MET,2011,1,13
Overall neuro-oncology,Receptor tyrosine kinases,MET,2012,1,14
Overall neuro-oncology,Receptor tyrosine kinases,MET,2013,3,17
Overall neuro-oncology,Receptor tyrosine kinases,MET,2014,1,18
Overall neuro-oncology,Receptor tyrosine kinases,MET,2015,4,22
Overall neuro-oncology,Receptor tyrosine kinases,MET,2016,2,24
Overall neuro-oncology,Receptor tyrosine kinases,MET,2017,2,26
Overall neuro-oncology,Receptor tyrosine kinases,MET,2018,1,27
Overall neuro-oncology,Receptor tyrosine kinases,MET,2019,1,28
Overall neuro-oncology,Receptor tyrosine kinases,MET,2020,3,31
Overall neuro-oncology,Receptor tyrosine kinases,MET,2021,6,37
Overall neuro-oncology,Receptor tyrosine kinases,MET,2022,4,41
Overall neuro-oncology,Receptor tyrosine kinases,MET,2023,4,45
Overall neuro-oncology,Receptor tyrosine kinases,MET,2024,4,49
Overall neuro-oncology,Receptor tyrosine kinases,MET,2025,7,56
Overall neuro-oncology,Receptor tyrosine kinases,RET,2000,1,1
Overall neuro-oncology,Receptor tyrosine kinases,RET,2001,0,1
Overall neuro-oncology,Receptor tyrosine kinases,RET,2002,0,1
Overall neuro-oncology,Receptor tyrosine kinases,RET,2003,0,1
Overall neuro-oncology,Receptor tyrosine kinases,RET,2004,0,1
Overall neuro-oncology,Receptor tyrosine kinases,RET,2005,0,1
Overall neuro-oncology,Receptor tyrosine kinases,RET,2006,0,1
Overall neuro-oncology,Receptor tyrosine kinases,RET,2007,0,1
Overall neuro-oncology,Receptor tyrosine kinases,RET,2008,0,1
Overall neuro-oncology,Receptor tyrosine kinases,RET,2009,0,1
Overall neuro-oncology,Receptor tyrosine kinases,RET,2010,0,1
Overall neuro-oncology,Receptor tyrosine kinases,RET,2011,0,1
Overall neuro-oncology,Receptor tyrosine kinases,RET,2012,0,1
Overall neuro-oncology,Receptor tyrosine kinases,RET,2013,0,1
Overall neuro-oncology,Receptor tyrosine kinases,RET,2014,0,1
Overall neuro-oncology,Receptor tyrosine kinases,RET,2015,0,1
Overall neuro-oncology,Receptor tyrosine kinases,RET,2016,0,1
Overall neuro-oncology,Receptor tyrosine kinases,RET,2017,0,1
Overall neuro-oncology,Receptor tyrosine kinases,RET,2018,0,1
Overall neuro-oncology,Receptor tyrosine kinases,RET,2019,0,1
Overall neuro-oncology,Receptor tyrosine kinases,RET,2020,0,1
Overall neuro-oncology,Receptor tyrosine kinases,RET,2021,0,1
Overall neuro-oncology,Receptor tyrosine kinases,RET,2022,0,1
Overall neuro-oncology,Receptor tyrosine kinases,RET,2023,1,2
Overall neuro-oncology,Receptor tyrosine kinases,RET,2024,0,2
Overall neuro-oncology,Receptor tyrosine kinases,RET,2025,0,2
Overall neuro-oncology,Receptor tyrosine kinases,ROS1,2000,0,0
Overall neuro-oncology,Receptor tyrosine kinases,ROS1,2001,0,0
Overall neuro-oncology,Receptor tyrosine kinases,ROS1,2002,0,0
Overall neuro-oncology,Receptor tyrosine kinases,ROS1,2003,0,0
Overall neuro-oncology,Receptor tyrosine kinases,ROS1,2004,0,0
Overall neuro-oncology,Receptor tyrosine kinases,ROS1,2005,0,0
Overall neuro-oncology,Receptor tyrosine kinases,ROS1,2006,0,0
Overall neuro-oncology,Receptor tyrosine kinases,ROS1,2007,0,0
Overall neuro-oncology,Receptor tyrosine kinases,ROS1,2008,0,0
Overall neuro-oncology,Receptor tyrosine kinases,ROS1,2009,0,0
Overall neuro-oncology,Receptor tyrosine kinases,ROS1,2010,0,0
Overall neuro-oncology,Receptor tyrosine kinases,ROS1,2011,0,0
Overall neuro-oncology,Receptor tyrosine kinases,ROS1,2012,2,2
Overall neuro-oncology,Receptor tyrosine kinases,ROS1,2013,1,3
Overall neuro-oncology,Receptor tyrosine kinases,ROS1,2014,1,4
Overall neuro-oncology,Receptor tyrosine kinases,ROS1,2015,1,5
Overall neuro-oncology,Receptor tyrosine kinases,ROS1,2016,1,6
Overall neuro-oncology,Receptor tyrosine kinases,ROS1,2017,2,8
Overall neuro-oncology,Receptor tyrosine kinases,ROS1,2018,1,9
Overall neuro-oncology,Receptor tyrosine kinases,ROS1,2019,4,13
Overall neuro-oncology,Receptor tyrosine kinases,ROS1,2020,3,16
Overall neuro-oncology,Receptor tyrosine kinases,ROS1,2021,3,19
Overall neuro-oncology,Receptor tyrosine kinases,ROS1,2022,2,21
Overall neuro-oncology,Receptor tyrosine kinases,ROS1,2023,5,26
Overall neuro-oncology,Receptor tyrosine kinases,ROS1,2024,5,31
Overall neuro-oncology,Receptor tyrosine kinases,ROS1,2025,6,37
Overall neuro-oncology,TRK / NTRK,TRKA,2000,0,0
Overall neuro-oncology,TRK / NTRK,TRKA,2001,0,0
Overall neuro-oncology,TRK / NTRK,TRKA,2002,0,0
Overall neuro-oncology,TRK / NTRK,TRKA,2003,2,2
Overall neuro-oncology,TRK / NTRK,TRKA,2004,0,2
Overall neuro-oncology,TRK / NTRK,TRKA,2005,0,2
Overall neuro-oncology,TRK / NTRK,TRKA,2006,0,2
Overall neuro-oncology,TRK / NTRK,TRKA,2007,0,2
Overall neuro-oncology,TRK / NTRK,TRKA,2008,0,2
Overall neuro-oncology,TRK / NTRK,TRKA,2009,0,2
Overall neuro-oncology,TRK / NTRK,TRKA,2010,1,3
Overall neuro-oncology,TRK / NTRK,TRKA,2011,0,3
Overall neuro-oncology,TRK / NTRK,TRKA,2012,0,3
Overall neuro-oncology,TRK / NTRK,TRKA,2013,0,3
Overall neuro-oncology,TRK / NTRK,TRKA,2014,1,4
Overall neuro-oncology,TRK / NTRK,TRKA,2015,0,4
Overall neuro-oncology,TRK / NTRK,TRKA,2016,0,4
Overall neuro-oncology,TRK / NTRK,TRKA,2017,0,4
Overall neuro-oncology,TRK / NTRK,TRKA,2018,2,6
Overall neuro-oncology,TRK / NTRK,TRKA,2019,2,8
Overall neuro-oncology,TRK / NTRK,TRKA,2020,5,13
Overall neuro-oncology,TRK / NTRK,TRKA,2021,2,15
Overall neuro-oncology,TRK / NTRK,TRKA,2022,2,17
Overall neuro-oncology,TRK / NTRK,TRKA,2023,1,18
Overall neuro-oncology,TRK / NTRK,TRKA,2024,0,18
Overall neuro-oncology,TRK / NTRK,TRKA,2025,0,18
Overall neuro-oncology,TRK / NTRK,TRKB,2000,0,0
Overall neuro-oncology,TRK / NTRK,TRKB,2001,0,0
Overall neuro-oncology,TRK / NTRK,TRKB,2002,0,0
Overall neuro-oncology,TRK / NTRK,TRKB,2003,0,0
Overall neuro-oncology,TRK / NTRK,TRKB,2004,0,0
Overall neuro-oncology,TRK / NTRK,TRKB,2005,0,0
Overall neuro-oncology,TRK / NTRK,TRKB,2006,0,0
Overall neuro-oncology,TRK / NTRK,TRKB,2007,0,0
Overall neuro-oncology,TRK / NTRK,TRKB,2008,0,0
Overall neuro-oncology,TRK / NTRK,TRKB,2009,0,0
Overall neuro-oncology,TRK / NTRK,TRKB,2010,0,0
Overall neuro-oncology,TRK / NTRK,TRKB,2011,0,0
Overall neuro-oncology,TRK / NTRK,TRKB,2012,0,0
Overall neuro-oncology,TRK / NTRK,TRKB,2013,0,0
Overall neuro-oncology,TRK / NTRK,TRKB,2014,1,1
Overall neuro-oncology,TRK / NTRK,TRKB,2015,0,1
Overall neuro-oncology,TRK / NTRK,TRKB,2016,0,1
Overall neuro-oncology,TRK / NTRK,TRKB,2017,0,1
Overall neuro-oncology,TRK / NTRK,TRKB,2018,3,4
Overall neuro-oncology,TRK / NTRK,TRKB,2019,3,7
Overall neuro-oncology,TRK / NTRK,TRKB,2020,5,12
Overall neuro-oncology,TRK / NTRK,TRKB,2021,3,15
Overall neuro-oncology,TRK / NTRK,TRKB,2022,1,16
Overall neuro-oncology,TRK / NTRK,TRKB,2023,0,16
Overall neuro-oncology,TRK / NTRK,TRKB,2024,2,18
Overall neuro-oncology,TRK / NTRK,TRKB,2025,2,20
Overall neuro-oncology,TRK / NTRK,TRKC,2000,0,0
Overall neuro-oncology,TRK / NTRK,TRKC,2001,0,0
Overall neuro-oncology,TRK / NTRK,TRKC,2002,1,1
Overall neuro-oncology,TRK / NTRK,TRKC,2003,2,3
Overall neuro-oncology,TRK / NTRK,TRKC,2004,1,4
Overall neuro-oncology,TRK / NTRK,TRKC,2005,0,4
Overall neuro-oncology,TRK / NTRK,TRKC,2006,0,4
Overall neuro-oncology,TRK / NTRK,TRKC,2007,0,4
Overall neuro-oncology,TRK / NTRK,TRKC,2008,2,6
Overall neuro-oncology,TRK / NTRK,TRKC,2009,0,6
Overall neuro-oncology,TRK / NTRK,TRKC,2010,1,7
Overall neuro-oncology,TRK / NTRK,TRKC,2011,0,7
Overall neuro-oncology,TRK / NTRK,TRKC,2012,0,7
Overall neuro-oncology,TRK / NTRK,TRKC,2013,1,8
Overall neuro-oncology,TRK / NTRK,TRKC,2014,1,9
Overall neuro-oncology,TRK / NTRK,TRKC,2015,0,9
Overall neuro-oncology,TRK / NTRK,TRKC,2016,0,9
Overall neuro-oncology,TRK / NTRK,TRKC,2017,0,9
Overall neuro-oncology,TRK / NTRK,TRKC,2018,2,11
Overall neuro-oncology,TRK / NTRK,TRKC,2019,2,13
Overall neuro-oncology,TRK / NTRK,TRKC,2020,3,16
Overall neuro-oncology,TRK / NTRK,TRKC,2021,2,18
Overall neuro-oncology,TRK / NTRK,TRKC,2022,2,20
Overall neuro-oncology,TRK / NTRK,TRKC,2023,0,20
Overall neuro-oncology,TRK / NTRK,TRKC,2024,0,20
Overall neuro-oncology,TRK / NTRK,TRKC,2025,0,20
Overall neuro-oncology,VEGFR family,VEGFR1,2000,0,0
Overall neuro-oncology,VEGFR family,VEGFR1,2001,0,0
Overall neuro-oncology,VEGFR family,VEGFR1,2002,0,0
Overall neuro-oncology,VEGFR family,VEGFR1,2003,0,0
Overall neuro-oncology,VEGFR family,VEGFR1,2004,3,3
Overall neuro-oncology,VEGFR family,VEGFR1,2005,0,3
Overall neuro-oncology,VEGFR family,VEGFR1,2006,0,3
Overall neuro-oncology,VEGFR family,VEGFR1,2007,1,4
Overall neuro-oncology,VEGFR family,VEGFR1,2008,0,4
Overall neuro-oncology,VEGFR family,VEGFR1,2009,1,5
Overall neuro-oncology,VEGFR family,VEGFR1,2010,1,6
Overall neuro-oncology,VEGFR family,VEGFR1,2011,1,7
Overall neuro-oncology,VEGFR family,VEGFR1,2012,1,8
Overall neuro-oncology,VEGFR family,VEGFR1,2013,0,8
Overall neuro-oncology,VEGFR family,VEGFR1,2014,2,10
Overall neuro-oncology,VEGFR family,VEGFR1,2015,1,11
Overall neuro-oncology,VEGFR family,VEGFR1,2016,2,13
Overall neuro-oncology,VEGFR family,VEGFR1,2017,0,13
Overall neuro-oncology,VEGFR family,VEGFR1,2018,0,13
Overall neuro-oncology,VEGFR family,VEGFR1,2019,2,15
Overall neuro-oncology,VEGFR family,VEGFR1,2020,0,15
Overall neuro-oncology,VEGFR family,VEGFR1,2021,0,15
Overall neuro-oncology,VEGFR family,VEGFR1,2022,2,17
Overall neuro-oncology,VEGFR family,VEGFR1,2023,3,20
Overall neuro-oncology,VEGFR family,VEGFR1,2024,3,23
Overall neuro-oncology,VEGFR family,VEGFR1,2025,0,23
Overall neuro-oncology,VEGFR family,VEGFR2,2000,0,0
Overall neuro-oncology,VEGFR family,VEGFR2,2001,0,0
Overall neuro-oncology,VEGFR family,VEGFR2,2002,0,0
Overall neuro-oncology,VEGFR family,VEGFR2,2003,1,1
Overall neuro-oncology,VEGFR family,VEGFR2,2004,2,3
Overall neuro-oncology,VEGFR family,VEGFR2,2005,0,3
Overall neuro-oncology,VEGFR family,VEGFR2,2006,0,3
Overall neuro-oncology,VEGFR family,VEGFR2,2007,1,4
Overall neuro-oncology,VEGFR family,VEGFR2,2008,0,4
Overall neuro-oncology,VEGFR family,VEGFR2,2009,2,6
Overall neuro-oncology,VEGFR family,VEGFR2,2010,2,8
Overall neuro-oncology,VEGFR family,VEGFR2,2011,1,9
Overall neuro-oncology,VEGFR family,VEGFR2,2012,1,10
Overall neuro-oncology,VEGFR family,VEGFR2,2013,2,12
Overall neuro-oncology,VEGFR family,VEGFR2,2014,1,13
Overall neuro-oncology,VEGFR family,VEGFR2,2015,2,15
Overall neuro-oncology,VEGFR family,VEGFR2,2016,1,16
Overall neuro-oncology,VEGFR family,VEGFR2,2017,2,18
Overall neuro-oncology,VEGFR family,VEGFR2,2018,2,20
Overall neuro-oncology,VEGFR family,VEGFR2,2019,0,20
Overall neuro-oncology,VEGFR family,VEGFR2,2020,1,21
Overall neuro-oncology,VEGFR family,VEGFR2,2021,3,24
Overall neuro-oncology,VEGFR family,VEGFR2,2022,3,27
Overall neuro-oncology,VEGFR family,VEGFR2,2023,6,33
Overall neuro-oncology,VEGFR family,VEGFR2,2024,3,36
Overall neuro-oncology,VEGFR family,VEGFR2,2025,0,36
Overall neuro-oncology,VEGFR family,VEGFR3,2000,0,0
Overall neuro-oncology,VEGFR family,VEGFR3,2001,0,0
Overall neuro-oncology,VEGFR family,VEGFR3,2002,0,0
Overall neuro-oncology,VEGFR family,VEGFR3,2003,0,0
Overall neuro-oncology,VEGFR family,VEGFR3,2004,2,2
Overall neuro-oncology,VEGFR family,VEGFR3,2005,0,2
Overall neuro-oncology,VEGFR family,VEGFR3,2006,0,2
Overall neuro-oncology,VEGFR family,VEGFR3,2007,0,2
Overall neuro-oncology,VEGFR family,VEGFR3,2008,0,2
Overall neuro-oncology,VEGFR family,VEGFR3,2009,1,3
Overall neuro-oncology,VEGFR family,VEGFR3,2010,0,3
Overall neuro-oncology,VEGFR family,VEGFR3,2011,0,3
Overall neuro-oncology,VEGFR family,VEGFR3,2012,0,3
Overall neuro-oncology,VEGFR family,VEGFR3,2013,0,3
Overall neuro-oncology,VEGFR family,VEGFR3,2014,0,3
Overall neuro-oncology,VEGFR family,VEGFR3,2015,0,3
Overall neuro-oncology,VEGFR family,VEGFR3,2016,0,3
Overall neuro-oncology,VEGFR family,VEGFR3,2017,0,3
Overall neuro-oncology,VEGFR family,VEGFR3,2018,0,3
Overall neuro-oncology,VEGFR family,VEGFR3,2019,0,3
Overall neuro-oncology,VEGFR family,VEGFR3,2020,0,3
Overall neuro-oncology,VEGFR family,VEGFR3,2021,0,3
Overall neuro-oncology,VEGFR family,VEGFR3,2022,0,3
Overall neuro-oncology,VEGFR family,VEGFR3,2023,1,4
Overall neuro-oncology,VEGFR family,VEGFR3,2024,1,5
Overall neuro-oncology,VEGFR family,VEGFR3,2025,0,5
