Rank,Keyword,Year,Publications
1,Glioblastoma,2000,428
1,Glioblastoma,2001,458
1,Glioblastoma,2002,429
1,Glioblastoma,2003,498
1,Glioblastoma,2004,571
1,Glioblastoma,2005,637
1,Glioblastoma,2006,781
1,Glioblastoma,2007,786
1,Glioblastoma,2008,958
1,Glioblastoma,2009,1188
1,Glioblastoma,2010,1438
1,Glioblastoma,2011,1679
1,Glioblastoma,2012,1981
1,Glioblastoma,2013,2172
1,Glioblastoma,2014,2470
1,Glioblastoma,2015,2773
1,Glioblastoma,2016,2901
1,Glioblastoma,2017,3205
1,Glioblastoma,2018,3346
1,Glioblastoma,2019,3637
1,Glioblastoma,2020,3926
1,Glioblastoma,2021,4456
1,Glioblastoma,2022,4408
1,Glioblastoma,2023,4249
1,Glioblastoma,2024,4505
1,Glioblastoma,2025,5119
2,Glioma,2000,765
2,Glioma,2001,760
2,Glioma,2002,779
2,Glioma,2003,837
2,Glioma,2004,922
2,Glioma,2005,994
2,Glioma,2006,1099
2,Glioma,2007,1148
2,Glioma,2008,1339
2,Glioma,2009,1527
2,Glioma,2010,1781
2,Glioma,2011,1996
2,Glioma,2012,2197
2,Glioma,2013,2357
2,Glioma,2014,2790
2,Glioma,2015,3012
2,Glioma,2016,3078
2,Glioma,2017,3426
2,Glioma,2018,3641
2,Glioma,2019,3829
2,Glioma,2020,4312
2,Glioma,2021,4743
2,Glioma,2022,4764
2,Glioma,2023,4233
2,Glioma,2024,4448
2,Glioma,2025,4648
3,Brain Metastases,2000,106
3,Brain Metastases,2001,133
3,Brain Metastases,2002,139
3,Brain Metastases,2003,165
3,Brain Metastases,2004,202
3,Brain Metastases,2005,216
3,Brain Metastases,2006,208
3,Brain Metastases,2007,260
3,Brain Metastases,2008,293
3,Brain Metastases,2009,320
3,Brain Metastases,2010,347
3,Brain Metastases,2011,397
3,Brain Metastases,2012,532
3,Brain Metastases,2013,582
3,Brain Metastases,2014,606
3,Brain Metastases,2015,655
3,Brain Metastases,2016,790
3,Brain Metastases,2017,800
3,Brain Metastases,2018,891
3,Brain Metastases,2019,962
3,Brain Metastases,2020,1094
3,Brain Metastases,2021,1248
3,Brain Metastases,2022,1263
3,Brain Metastases,2023,1366
3,Brain Metastases,2024,1328
3,Brain Metastases,2025,1607
4,Meningioma,2000,276
4,Meningioma,2001,293
4,Meningioma,2002,273
4,Meningioma,2003,281
4,Meningioma,2004,332
4,Meningioma,2005,370
4,Meningioma,2006,372
4,Meningioma,2007,367
4,Meningioma,2008,382
4,Meningioma,2009,453
4,Meningioma,2010,479
4,Meningioma,2011,537
4,Meningioma,2012,553
4,Meningioma,2013,657
4,Meningioma,2014,641
4,Meningioma,2015,776
4,Meningioma,2016,778
4,Meningioma,2017,810
4,Meningioma,2018,956
4,Meningioma,2019,1006
4,Meningioma,2020,1166
4,Meningioma,2021,1255
4,Meningioma,2022,1254
4,Meningioma,2023,1219
4,Meningioma,2024,1270
4,Meningioma,2025,1318
5,Brain Metastasis,2000,69
5,Brain Metastasis,2001,66
5,Brain Metastasis,2002,90
5,Brain Metastasis,2003,76
5,Brain Metastasis,2004,95
5,Brain Metastasis,2005,102
5,Brain Metastasis,2006,106
5,Brain Metastasis,2007,127
5,Brain Metastasis,2008,138
5,Brain Metastasis,2009,179
5,Brain Metastasis,2010,172
5,Brain Metastasis,2011,217
5,Brain Metastasis,2012,270
5,Brain Metastasis,2013,344
5,Brain Metastasis,2014,333
5,Brain Metastasis,2015,407
5,Brain Metastasis,2016,429
5,Brain Metastasis,2017,455
5,Brain Metastasis,2018,545
5,Brain Metastasis,2019,611
5,Brain Metastasis,2020,748
5,Brain Metastasis,2021,838
5,Brain Metastasis,2022,872
5,Brain Metastasis,2023,952
5,Brain Metastasis,2024,918
5,Brain Metastasis,2025,1011
6,Glioblastoma Multiforme,2000,178
6,Glioblastoma Multiforme,2001,184
6,Glioblastoma Multiforme,2002,151
6,Glioblastoma Multiforme,2003,213
6,Glioblastoma Multiforme,2004,226
6,Glioblastoma Multiforme,2005,267
6,Glioblastoma Multiforme,2006,318
6,Glioblastoma Multiforme,2007,303
6,Glioblastoma Multiforme,2008,370
6,Glioblastoma Multiforme,2009,423
6,Glioblastoma Multiforme,2010,488
6,Glioblastoma Multiforme,2011,563
6,Glioblastoma Multiforme,2012,664
6,Glioblastoma Multiforme,2013,699
6,Glioblastoma Multiforme,2014,747
6,Glioblastoma Multiforme,2015,749
6,Glioblastoma Multiforme,2016,771
6,Glioblastoma Multiforme,2017,683
6,Glioblastoma Multiforme,2018,716
6,Glioblastoma Multiforme,2019,719
6,Glioblastoma Multiforme,2020,793
6,Glioblastoma Multiforme,2021,868
6,Glioblastoma Multiforme,2022,845
6,Glioblastoma Multiforme,2023,646
6,Glioblastoma Multiforme,2024,721
6,Glioblastoma Multiforme,2025,716
7,Pituitary Adenoma,2000,129
7,Pituitary Adenoma,2001,148
7,Pituitary Adenoma,2002,147
7,Pituitary Adenoma,2003,142
7,Pituitary Adenoma,2004,135
7,Pituitary Adenoma,2005,164
7,Pituitary Adenoma,2006,181
7,Pituitary Adenoma,2007,189
7,Pituitary Adenoma,2008,196
7,Pituitary Adenoma,2009,205
7,Pituitary Adenoma,2010,227
7,Pituitary Adenoma,2011,239
7,Pituitary Adenoma,2012,284
7,Pituitary Adenoma,2013,308
7,Pituitary Adenoma,2014,343
7,Pituitary Adenoma,2015,420
7,Pituitary Adenoma,2016,409
7,Pituitary Adenoma,2017,481
7,Pituitary Adenoma,2018,520
7,Pituitary Adenoma,2019,593
7,Pituitary Adenoma,2020,621
7,Pituitary Adenoma,2021,658
7,Pituitary Adenoma,2022,614
7,Pituitary Adenoma,2023,572
7,Pituitary Adenoma,2024,557
7,Pituitary Adenoma,2025,565
8,Astrocytoma,2000,315
8,Astrocytoma,2001,297
8,Astrocytoma,2002,272
8,Astrocytoma,2003,298
8,Astrocytoma,2004,345
8,Astrocytoma,2005,323
8,Astrocytoma,2006,330
8,Astrocytoma,2007,353
8,Astrocytoma,2008,368
8,Astrocytoma,2009,381
8,Astrocytoma,2010,410
8,Astrocytoma,2011,414
8,Astrocytoma,2012,427
8,Astrocytoma,2013,488
8,Astrocytoma,2014,478
8,Astrocytoma,2015,524
8,Astrocytoma,2016,515
8,Astrocytoma,2017,528
8,Astrocytoma,2018,515
8,Astrocytoma,2019,502
8,Astrocytoma,2020,541
8,Astrocytoma,2021,565
8,Astrocytoma,2022,562
8,Astrocytoma,2023,569
8,Astrocytoma,2024,574
8,Astrocytoma,2025,563
9,Medulloblastoma,2000,118
9,Medulloblastoma,2001,140
9,Medulloblastoma,2002,138
9,Medulloblastoma,2003,162
9,Medulloblastoma,2004,168
9,Medulloblastoma,2005,162
9,Medulloblastoma,2006,210
9,Medulloblastoma,2007,226
9,Medulloblastoma,2008,260
9,Medulloblastoma,2009,248
9,Medulloblastoma,2010,306
9,Medulloblastoma,2011,344
9,Medulloblastoma,2012,373
9,Medulloblastoma,2013,326
9,Medulloblastoma,2014,379
9,Medulloblastoma,2015,387
9,Medulloblastoma,2016,351
9,Medulloblastoma,2017,364
9,Medulloblastoma,2018,405
9,Medulloblastoma,2019,382
9,Medulloblastoma,2020,464
9,Medulloblastoma,2021,510
9,Medulloblastoma,2022,496
9,Medulloblastoma,2023,453
9,Medulloblastoma,2024,425
9,Medulloblastoma,2025,475
10,Vestibular Schwannoma,2000,77
10,Vestibular Schwannoma,2001,41
10,Vestibular Schwannoma,2002,60
10,Vestibular Schwannoma,2003,60
10,Vestibular Schwannoma,2004,67
10,Vestibular Schwannoma,2005,68
10,Vestibular Schwannoma,2006,85
10,Vestibular Schwannoma,2007,94
10,Vestibular Schwannoma,2008,117
10,Vestibular Schwannoma,2009,115
10,Vestibular Schwannoma,2010,137
10,Vestibular Schwannoma,2011,143
10,Vestibular Schwannoma,2012,162
10,Vestibular Schwannoma,2013,137
10,Vestibular Schwannoma,2014,183
10,Vestibular Schwannoma,2015,183
10,Vestibular Schwannoma,2016,247
10,Vestibular Schwannoma,2017,263
10,Vestibular Schwannoma,2018,308
10,Vestibular Schwannoma,2019,336
10,Vestibular Schwannoma,2020,321
10,Vestibular Schwannoma,2021,421
10,Vestibular Schwannoma,2022,390
10,Vestibular Schwannoma,2023,390
10,Vestibular Schwannoma,2024,384
10,Vestibular Schwannoma,2025,420
